method,sample,true_vectors,pred_vectors,vector_count_error,engineering_score,line_geometry_score,total_length_score,junction_angle_score,vector_count_score,true_junctions,pred_junctions,pixel_precision,pixel_recall,pixel_f1,pixel_iou,pixel_accuracy,junction_nodes,traced_paths
baseline_original_unchanged,0,2,0,2,0.25,0.0,0.0,1.0,0.0,0,0,0.0,0.0,0.0,0.0,0.9924926757811894,2,0
skeleton_junction_fix,0,2,2,0,0.9369047619047619,0.880952380952381,0.9523809523809523,1.0,1.0,0,0,0.9999999999750001,0.3252032520298764,0.49079754563589145,0.3252032520298764,0.9949340820311893,4,2
baseline_original_unchanged,1,5,3,2,0.39515306122448984,0.45,0.6632653061224489,0.0,0.6,1,0,0.8484848484784207,0.310249307478365,0.4543610543727726,0.2939632545924043,0.9835815429686899,7,3
skeleton_junction_fix,1,5,5,0,0.6460427615862399,0.7848569305091044,0.9642857142857143,0.0,1.0,1,0,0.9567567567515851,0.4903047091399161,0.6483516479012265,0.4796747967466676,0.9882812499999396,10,6
baseline_original_unchanged,2,1,0,1,0.25,0.0,0.0,1.0,0.0,0,0,0.0,0.0,0.0,0.0,0.9925537109374394,1,0
skeleton_junction_fix,2,1,1,0,0.9358974358974359,0.8803418803418804,0.9487179487179487,1.0,1.0,0,0,0.9999999999736843,0.31147540983351246,0.4749999996318749,0.31147540983351246,0.9948730468749393,2,1
baseline_original_unchanged,3,4,5,1,0.21441176470588239,0.07647058823529412,0.5,0.0,0.8,2,6,0.42982456139973835,0.09193245778594385,0.1514683150106185,0.08193979933096665,0.9664916992186909,8,6
skeleton_junction_fix,3,4,5,1,0.4887520296284626,0.4726423055610629,0.9803149606299213,0.0,0.8,2,4,0.7124999999970313,0.32082551594686526,0.44243208236499987,0.28405315614570753,0.9736938476561905,11,9
baseline_original_unchanged,4,1,0,1,0.25,0.0,0.0,1.0,0.0,0,0,0.0,0.0,0.0,0.0,0.9896240234374396,1,0
skeleton_junction_fix,4,1,1,0,1.0,1.0,1.0,1.0,1.0,0,0,0.999999999982143,0.3294117647039447,0.49557522086177463,0.3294117647039447,0.9930419921874394,2,1
baseline_original_unchanged,5,4,2,2,0.5151115618661258,0.29411764705882354,0.4137931034482759,1.0,0.5,0,0,0.7213114753980113,0.15331010452908256,0.25287356292781416,0.14473684210478704,0.9841308593749399,5,2
skeleton_junction_fix,5,4,4,0,0.831235294117647,0.6249673202614379,1.0,1.0,1.0,0,0,0.8827586206835673,0.44599303135733104,0.5925925921438722,0.42105263157756234,0.9892578124999396,8,5
baseline_original_unchanged,6,5,1,4,0.15483009708737863,0.25,0.11165048543689315,0.0,0.19999999999999996,1,0,0.9999999999583333,0.04145077720200095,0.07960198997305347,0.04145077720200095,0.966125488281191,5,1
skeleton_junction_fix,6,5,5,0,0.6961371359223302,0.8997222222222223,0.9563106796116505,0.0,1.0,1,0,0.9999999999946237,0.3212435233155074,0.4862745094346072,0.3212435233155074,0.9760131835936904,15,11
baseline_original_unchanged,7,1,0,1,0.25,0.0,0.0,1.0,0.0,0,0,0.0,0.0,0.0,0.0,0.9870605468749397,1,0
skeleton_junction_fix,7,1,1,0,1.0,1.0,1.0,1.0,1.0,0,0,0.9999999999857142,0.3301886792437255,0.4964539003324782,0.3301886792437255,0.9913330078124395,2,1
baseline_original_unchanged,8,4,3,1,0.3623095238095238,0.3747619047619048,0.5933333333333333,0.0,0.75,2,1,0.49438202246635526,0.14666666666617778,0.2262210793374614,0.12753623188368832,0.98162841796869,5,3
skeleton_junction_fix,8,4,8,4,0.47123333333333334,0.5153333333333333,0.8466666666666667,0.08,0.5,2,5,0.8429752066046035,0.33999999999886665,0.48456056965934513,0.3197492162999381,0.9867553710936897,11,9
baseline_original_unchanged,9,3,2,1,0.7472649572649573,0.7692307692307693,0.4222222222222223,1.0,0.6666666666666667,0,0,0.9999999999750001,0.2631578947351108,0.4166666663324653,0.2631578947351108,0.9931640624999394,5,2
skeleton_junction_fix,9,3,3,0,0.9793540433925049,0.9689349112426036,0.9666666666666667,1.0,1.0,0,0,0.9999999999868421,0.4999999999967106,0.6666666662163743,0.4999999999967106,0.9953613281249393,6,3
baseline_original_unchanged,10,3,1,2,0.5214509068167605,0.38461538461538464,0.3252032520325203,1.0,0.33333333333333337,0,0,0.9999999999756098,0.12349397590324249,0.21983914189429954,0.12349397590324249,0.98223876953119,4,1
skeleton_junction_fix,10,3,3,0,0.9871560350218886,0.975071225071225,0.991869918699187,1.0,1.0,0,0,0.999999999990991,0.3343373493965833,0.5011286677937314,0.3343373493965833,0.9865112304686897,6,3
baseline_original_unchanged,11,2,0,2,0.25,0.0,0.0,1.0,0.0,0,0,0.0,0.0,0.0,0.0,0.9855957031249398,2,0
skeleton_junction_fix,11,2,2,0,0.9478845389507154,0.9022058823529413,0.9594594594594594,1.0,1.0,0,0,0.9999999999863013,0.3093220338969944,0.4724919090211875,0.3093220338969944,0.9900512695311895,4,2
baseline_original_unchanged,12,1,1,0,1.0,1.0,1.0,1.0,1.0,0,0,0.9999999999897958,0.9999999999897958,0.9999999994897959,0.9999999999897958,0.9999999999999389,2,1
skeleton_junction_fix,12,1,1,0,1.0,1.0,1.0,1.0,1.0,0,0,0.9999999999897958,0.9999999999897958,0.9999999994897959,0.9999999999897958,0.9999999999999389,2,1
baseline_original_unchanged,13,5,2,3,0.23176530612244903,0.33,0.21632653061224494,0.0,0.4,1,0,0.9999999999818182,0.09136212624569541,0.16742770152035563,0.09136212624569541,0.9666137695311909,5,2
skeleton_junction_fix,13,5,4,1,0.8318169974594163,0.7160559127216053,0.8979591836734694,1.0,0.8,1,1,0.9999999999955157,0.37043189368709234,0.5406060602102715,0.37043189368709234,0.9768676757811904,9,6
baseline_original_unchanged,14,1,0,1,0.25,0.0,0.0,1.0,0.0,0,0,0.0,0.0,0.0,0.0,0.9952392578124393,1,0
skeleton_junction_fix,14,1,1,0,0.9456521739130436,0.8985507246376813,0.9565217391304348,1.0,1.0,0,0,0.9999999999565218,0.29487179486801446,0.4554455441937064,0.29487179486801446,0.9966430664061892,2,1
baseline_original_unchanged,15,2,2,0,1.0,1.0,1.0,1.0,1.0,0,0,0.9999999999901961,0.9999999999901961,0.999999999490196,0.9999999999901961,0.9999999999999389,4,2
skeleton_junction_fix,15,2,2,0,1.0,1.0,1.0,1.0,1.0,0,0,0.9999999999901961,0.9999999999901961,0.999999999490196,0.9999999999901961,0.9999999999999389,4,2
baseline_original_unchanged,16,3,0,3,0.25,0.0,0.0,1.0,0.0,0,0,0.0,0.0,0.0,0.0,0.9642944335936912,3,0
skeleton_junction_fix,16,3,3,0,0.9450223386902866,0.8918625070310463,0.968421052631579,1.0,1.0,0,0,0.9999999999946525,0.31965811965757324,0.48445595818086057,0.31965811965757324,0.9757080078124404,6,3
baseline_original_unchanged,17,1,1,0,1.0,1.0,1.0,1.0,1.0,0,0,0.9999999999333333,0.9999999999333333,0.9999999994333333,0.9999999999333333,0.9999999999999389,2,1
skeleton_junction_fix,17,1,1,0,1.0,1.0,1.0,1.0,1.0,0,0,0.9999999999333333,0.9999999999333333,0.9999999994333333,0.9999999999333333,0.9999999999999389,2,1
baseline_original_unchanged,18,1,0,1,0.25,0.0,0.0,1.0,0.0,0,0,0.0,0.0,0.0,0.0,0.9954223632811893,1,0
skeleton_junction_fix,18,1,1,0,0.9431818181818182,0.8939393939393939,0.9545454545454546,1.0,1.0,0,0,0.9999999999545455,0.2933333333294222,0.45360824706259956,0.2933333333294222,0.9967651367186892,2,1
baseline_original_unchanged,19,3,3,0,1.0,1.0,1.0,1.0,1.0,1,1,0.9999999999934641,0.9999999999934641,0.9999999994934641,0.9999999999934641,0.9999999999999389,7,5
skeleton_junction_fix,19,3,3,0,1.0,1.0,1.0,1.0,1.0,1,1,0.9999999999934641,0.9999999999934641,0.9999999994934641,0.9999999999934641,0.9999999999999389,7,5
baseline_original_unchanged,20,1,0,1,0.25,0.0,0.0,1.0,0.0,0,0,0.0,0.0,0.0,0.0,0.9844970703124399,1,0
skeleton_junction_fix,20,1,1,0,0.9698795180722891,0.9437751004016064,0.9759036144578314,1.0,1.0,0,0,0.9999999999878049,0.32283464566802034,0.488095237723356,0.32283464566802034,0.9895019531249396,2,1
baseline_original_unchanged,21,1,0,1,0.25,0.0,0.0,1.0,0.0,0,0,0.0,0.0,0.0,0.0,0.9892578124999396,1,0
skeleton_junction_fix,21,1,1,0,0.956140350877193,0.9181286549707602,0.9649122807017544,1.0,1.0,0,0,0.999999999982143,0.31818181818001035,0.4827586203192628,0.31818181818001035,0.9926757812499394,2,1
baseline_original_unchanged,22,1,1,0,1.0,1.0,1.0,1.0,1.0,0,0,0.9999999999473684,0.9999999999473684,0.9999999994473685,0.9999999999473684,0.9999999999999389,2,1
skeleton_junction_fix,22,1,1,0,1.0,1.0,1.0,1.0,1.0,0,0,0.9999999999473684,0.9999999999473684,0.9999999994473685,0.9999999999473684,0.9999999999999389,2,1
baseline_original_unchanged,23,1,1,0,1.0,1.0,1.0,1.0,1.0,0,0,0.9999999999444444,0.9999999999444444,0.9999999994444444,0.9999999999444444,0.9999999999999389,2,1
skeleton_junction_fix,23,1,1,0,1.0,1.0,1.0,1.0,1.0,0,0,0.9999999999444444,0.9999999999444444,0.9999999994444444,0.9999999999444444,0.9999999999999389,2,1
baseline_original_unchanged,24,5,3,2,0.7536728133987483,0.6521739130434783,0.7509727626459144,1.0,0.6,1,1,0.9999999999948719,0.46874999999887323,0.6382978719037504,0.46874999999887323,0.9865112304686897,9,5
skeleton_junction_fix,24,5,5,0,0.9936544516011899,0.9876281371509367,0.9961089494163424,1.0,1.0,1,1,0.9999999999960475,0.6081730769216149,0.756352764848796,0.6081730769216149,0.9900512695311895,11,7
baseline_original_unchanged,25,4,2,2,0.5849557522123894,0.4444444444444444,0.4247787610619469,1.0,0.5,0,0,0.9999999999886363,0.18032786885208948,0.3055555552956211,0.18032786885208948,0.9755859374999404,6,2
skeleton_junction_fix,25,4,4,0,0.9759425002234736,0.954405162738496,0.9823008849557522,1.0,1.0,0,0,0.9999999999953704,0.4426229508187651,0.6136363632092587,0.4426229508187651,0.9833984374999399,8,4
baseline_original_unchanged,26,2,0,2,0.25,0.0,0.0,1.0,0.0,0,0,0.0,0.0,0.0,0.0,0.9757080078124404,2,0
skeleton_junction_fix,26,2,2,0,0.9692708333333333,0.9421296296296295,0.9765625,1.0,1.0,0,0,0.999999999992126,0.3190954773861329,0.48380952344090705,0.3190954773861329,0.9834594726561899,4,2
baseline_original_unchanged,27,5,1,4,0.1667564259485924,0.23255813953488372,0.21052631578947367,0.0,0.19999999999999996,1,0,0.9999999999811321,0.08439490445846434,0.15565345066363925,0.08439490445846434,0.964904785156191,5,1
skeleton_junction_fix,27,5,5,0,0.9742073704436005,0.9480811560914919,0.9878542510121457,1.0,1.0,1,1,0.9999999999958333,0.38216560509493286,0.5529953913037015,0.38216560509493286,0.9763183593749404,18,14
baseline_original_unchanged,28,5,4,1,0.3566004153686397,0.317679012345679,0.6682242990654206,0.0,0.8,2,2,0.546153846149645,0.1533477321810943,0.23946037065180337,0.13601532567023752,0.9724731445311906,7,4
skeleton_junction_fix,28,5,5,0,0.9529937694704049,0.9059259259259258,0.9766355140186916,1.0,1.0,2,2,0.9999999999952831,0.4578833693294646,0.6281481477154238,0.4578833693294646,0.9846801757811898,12,9
baseline_original_unchanged,29,1,0,1,0.25,0.0,0.0,1.0,0.0,0,0,0.0,0.0,0.0,0.0,0.9927368164061894,1,0
skeleton_junction_fix,29,1,1,0,0.9342105263157895,0.8771929824561404,0.9473684210526316,1.0,1.0,0,0,0.9999999999729731,0.31092436974528637,0.47435897399104204,0.31092436974528637,0.9949951171874393,2,1
baseline_original_unchanged,30,1,0,1,0.25,0.0,0.0,1.0,0.0,0,0,0.0,0.0,0.0,0.0,0.9876098632811897,1,0
skeleton_junction_fix,30,1,1,0,0.9621212121212122,0.9292929292929293,0.9696969696969697,1.0,1.0,0,0,0.9999999999846153,0.3201970443333981,0.4850746264946258,0.3201970443333981,0.9915771484374395,2,1
baseline_original_unchanged,31,5,0,5,0.0,0.0,0.0,0.0,0.0,3,0,0.0,0.0,0.0,0.0,0.9512329101561919,1,0
skeleton_junction_fix,31,5,5,0,0.8615330706445257,0.8899565312568408,0.9719298245614035,0.6666666666666666,1.0,3,2,0.9615384615347633,0.3128911138919739,0.47214353126225056,0.3090234857845377,0.965881347656191,11,10
baseline_original_unchanged,32,2,1,1,0.5797169811320755,0.5,0.2735849056603774,1.0,0.5,0,0,0.9999999999666667,0.11111111111069959,0.19999999981866667,0.11111111111069959,0.9853515624999398,3,1
skeleton_junction_fix,32,2,2,0,0.991295025728988,0.9848484848484848,0.9905660377358491,1.0,1.0,0,0,0.9999999999906541,0.39629629629482854,0.5676392568848863,0.39629629629482854,0.9900512695311895,4,2
baseline_original_unchanged,33,3,2,1,0.1705897435897436,0.060000000000000005,0.3846153846153846,0.0,0.6666666666666667,1,1,0.14285714285374151,0.022388059701409002,0.03870967718484912,0.019736842105198233,0.98181152343744,4,2
skeleton_junction_fix,33,3,3,0,0.991559829059829,0.985042735042735,0.9914529914529915,1.0,1.0,1,1,0.9999999999911504,0.4216417910432028,0.5931758525980118,0.4216417910432028,0.9905395507811895,7,5
baseline_original_unchanged,34,4,1,3,0.4440217391304348,0.25,0.28260869565217395,1.0,0.25,0,0,0.9999999999848485,0.11379310344807966,0.20433436514098668,0.11379310344807966,0.9686279296874408,5,1
skeleton_junction_fix,34,4,4,0,0.9687582345191041,0.9402356902356903,0.9782608695652174,1.0,1.0,0,0,0.9999999999956333,0.39482758620621583,0.5661310255506944,0.39482758620621583,0.9785766601561903,8,4
baseline_original_unchanged,35,1,0,1,0.25,0.0,0.0,1.0,0.0,0,0,0.0,0.0,0.0,0.0,0.98211669921869,1,0
skeleton_junction_fix,35,1,1,0,0.9739583333333334,0.951388888888889,0.9791666666666666,1.0,1.0,0,0,0.9999999999894736,0.32423208191015623,0.4896907212771681,0.32423208191015623,0.9879150390624397,2,1
baseline_original_unchanged,36,2,0,2,0.25,0.0,0.0,1.0,0.0,0,0,0.0,0.0,0.0,0.0,0.9771118164061904,2,0
skeleton_junction_fix,36,2,1,1,0.7325278923114238,0.6923558897243108,0.6048387096774194,1.0,0.5,0,0,0.9999999999868421,0.20266666666612623,0.33702882455197364,0.20266666666612623,0.98175048828119,3,1
baseline_original_unchanged,37,2,1,1,0.5964285714285715,0.5,0.3571428571428571,1.0,0.5,0,0,0.9999999999375,0.1509433962249911,0.2622950817350174,0.1509433962249911,0.9945068359374393,3,1
skeleton_junction_fix,37,2,2,0,0.9757936507936508,0.9567901234567902,0.9761904761904762,1.0,1.0,0,0,0.9999999999767443,0.4056603773546636,0.5771812076353318,0.4056603773546636,0.9961547851561892,4,2
baseline_original_unchanged,38,1,0,1,0.25,0.0,0.0,1.0,0.0,0,0,0.0,0.0,0.0,0.0,0.9936523437499393,1,0
skeleton_junction_fix,38,1,1,0,0.9242424242424242,0.8585858585858585,0.9393939393939394,1.0,1.0,0,0,0.9999999999687501,0.3076923076893491,0.47058823492733554,0.3076923076893491,0.9956054687499392,2,1
baseline_original_unchanged,39,3,0,3,0.25,0.0,0.0,1.0,0.0,0,0,0.0,0.0,0.0,0.0,0.9774169921874403,3,0
skeleton_junction_fix,39,3,3,0,0.9455700549450549,0.8980379188712521,0.9572649572649573,1.0,1.0,0,0,0.9999999999913043,0.3108108108099708,0.4742268037599745,0.3108108108099708,0.9844360351561899,6,3
baseline_original_unchanged,40,4,2,2,0.6141891891891893,0.5,0.44594594594594594,1.0,0.5,0,0,0.9999999999900989,0.20867768594998207,0.34529914501228137,0.20867768594998207,0.9766235351561904,6,2
skeleton_junction_fix,40,4,4,0,0.9820426943053525,0.9661008822401227,0.9864864864864865,1.0,1.0,0,0,0.9999999999955157,0.4607438016519406,0.6308345115889878,0.4607438016519406,0.9840698242186899,8,4
baseline_original_unchanged,41,1,0,1,0.25,0.0,0.0,1.0,0.0,0,0,0.0,0.0,0.0,0.0,0.9913940429686895,1,0
skeleton_junction_fix,41,1,1,0,0.9715909090909091,0.946969696969697,0.9772727272727273,1.0,1.0,0,0,0.9999999999772728,0.3120567375864393,0.4756756753079912,0.3120567375864393,0.9940795898436893,2,1
baseline_original_unchanged,42,1,1,0,1.0,1.0,1.0,1.0,1.0,0,0,0.9999999999696971,0.9999999999696971,0.9999999994696971,0.9999999999696971,0.9999999999999389,2,1
skeleton_junction_fix,42,1,1,0,1.0,1.0,1.0,1.0,1.0,0,0,0.9999999999696971,0.9999999999696971,0.9999999994696971,0.9999999999696971,0.9999999999999389,2,1
baseline_original_unchanged,43,5,3,2,0.6306939799331104,0.5652173913043478,0.3317307692307693,1.0,0.6,0,0,0.999999999984127,0.1275303643722115,0.22621184899066232,0.1275303643722115,0.9736938476561905,8,3
skeleton_junction_fix,43,5,5,0,0.9818770903010033,0.9661371237458194,0.9855769230769231,1.0,1.0,0,0,0.999999999995025,0.40688259109229374,0.5784172657742518,0.40688259109229374,0.98211669921869,10,5
baseline_original_unchanged,44,3,0,3,0.0,0.0,0.0,0.0,0.0,1,0,0.0,0.0,0.0,0.0,0.9686889648436908,2,0
skeleton_junction_fix,44,3,6,3,0.5273093845164664,0.6001484480431849,0.9528795811518325,0.06666666666666667,0.5,1,6,0.8562874251445732,0.27875243664663013,0.42058823492233127,0.26629422718758605,0.9759521484374404,8,6
baseline_original_unchanged,45,4,2,2,0.17140552530752168,0.10344827586206896,0.3742690058479532,0.0,0.5,1,0,0.5535714285615434,0.08333333333310933,0.1448598128559918,0.07808564231718366,0.9776611328124403,8,5
skeleton_junction_fix,45,4,4,0,0.9789717619967605,0.9610678531701891,0.9824561403508771,1.0,1.0,1,1,0.9999999999933334,0.40322580645052897,0.5747126432663937,0.40322580645052897,0.9864501953124397,11,8
baseline_original_unchanged,46,4,1,3,0.42370689655172417,0.25,0.18103448275862066,1.0,0.25,0,0,0.9999999999767443,0.06847133757950881,0.1281669149318254,0.06847133757950881,0.9642944335936912,5,1
skeleton_junction_fix,46,4,4,0,0.967409181548175,0.9390702118695076,0.9741379310344828,1.0,1.0,0,0,0.9999999999956523,0.36624203821597734,0.5361305357368739,0.36624203821597734,0.9757080078124404,8,4
baseline_original_unchanged,47,2,0,2,0.25,0.0,0.0,1.0,0.0,0,0,0.0,0.0,0.0,0.0,0.9832153320311899,2,0
skeleton_junction_fix,47,2,2,0,0.957606289184953,0.9211174242424243,0.9655172413793104,1.0,1.0,0,0,0.9999999999883721,0.31272727272613554,0.47645429326321925,0.31272727272613554,0.9884643554686896,4,2
baseline_original_unchanged,48,4,2,2,0.364159891598916,0.5246913580246914,0.3902439024390244,0.0,0.5,1,0,0.9999999999876543,0.1683991683988183,0.28825622751027086,0.1683991683988183,0.9755859374999404,6,3
skeleton_junction_fix,48,4,4,0,0.7314340349010967,0.9630783431406486,0.9902439024390244,0.0,1.0,1,0,0.999999999995025,0.4178794178785491,0.5894428148318169,0.4178794178785491,0.9829101562499399,8,5
baseline_original_unchanged,49,1,0,1,0.25,0.0,0.0,1.0,0.0,0,0,0.0,0.0,0.0,0.0,0.9938354492186893,1,0
skeleton_junction_fix,49,1,1,0,0.9218749999999999,0.8541666666666666,0.9375,1.0,1.0,0,0,0.9999999999677419,0.306930693066268,0.4696969693304638,0.306930693066268,0.9957275390624392,2,1
baseline_original_unchanged,50,5,3,2,0.285542557198004,0.2853937168502652,0.48557692307692313,0.0,0.6,1,1,0.8099999999919,0.1888111888107487,0.30623818494743804,0.18080357142816786,0.9776000976561903,7,3
skeleton_junction_fix,50,5,5,0,0.9557013028656294,0.9122422114962704,0.9759615384615384,1.0,1.0,1,1,0.9999999999950495,0.4708624708613733,0.6402535653313005,0.4708624708613733,0.9861450195311898,10,6
baseline_original_unchanged,51,1,1,0,1.0,1.0,1.0,1.0,1.0,0,0,0.9999999999836067,0.9999999999836067,0.9999999994836066,0.9999999999836067,0.9999999999999389,2,1
skeleton_junction_fix,51,1,1,0,1.0,1.0,1.0,1.0,1.0,0,0,0.9999999999836067,0.9999999999836067,0.9999999994836066,0.9999999999836067,0.9999999999999389,2,1
baseline_original_unchanged,52,4,4,0,0.5197797202797203,0.5108780108780109,0.6369230769230769,0.25,1.0,3,4,0.6770833333298069,0.28888888888824693,0.40498442325550027,0.2539062499995041,0.9766845703124404,6,5
skeleton_junction_fix,52,4,7,3,0.5764113569357471,0.5822083878181438,0.9292307692307692,0.2857142857142857,0.5714285714285714,3,7,0.7137809187253931,0.44888888888789136,0.5511596175326352,0.38041431261698605,0.9799194335936902,11,10
baseline_original_unchanged,53,3,1,2,0.5517857142857142,0.4166666666666667,0.40476190476190477,1.0,0.33333333333333337,0,0,0.9999999999855071,0.1849865951737668,0.3122171943052456,0.1849865951737668,0.98144531249994,4,1
skeleton_junction_fix,53,3,3,0,0.9936011904761904,0.9884259259259259,0.9940476190476191,1.0,1.0,0,0,0.9999999999940477,0.45040214477091045,0.6210720882940812,0.45040214477091045,0.9874877929686897,8,5
baseline_original_unchanged,54,4,0,4,0.25,0.0,0.0,1.0,0.0,0,0,0.0,0.0,0.0,0.0,0.9617309570311913,4,0
skeleton_junction_fix,54,4,4,0,0.9635024154589372,0.9296296296296297,0.9758454106280193,1.0,1.0,0,0,0.999999999995,0.31897926634717866,0.4836759367542537,0.31897926634717866,0.9739379882811905,8,4
baseline_original_unchanged,55,3,1,2,0.26436781609195403,0.3333333333333333,0.4051724137931034,0.0,0.33333333333333337,1,0,0.9999999999791668,0.18181818181749312,0.30769230742998027,0.18181818181749312,0.9868164062499397,3,1
skeleton_junction_fix,55,3,3,0,0.7147770811563915,0.9332210998877666,0.9741379310344828,0.0,1.0,1,0,0.9999999999913043,0.4356060606044106,0.6068601578854227,0.4356060606044106,0.9909057617186895,6,4
baseline_original_unchanged,56,5,1,4,0.13404230317273794,0.21739130434782608,0.08108108108108103,0.0,0.19999999999999996,1,0,0.9999999999375,0.03238866396754577,0.062745097978193,0.03238866396754577,0.9708251953124407,5,1
skeleton_junction_fix,56,5,5,0,0.9696306395787347,0.9445245444092004,0.972972972972973,1.0,1.0,1,1,0.999999999994012,0.338056680161259,0.5052950071851341,0.338056680161259,0.9800415039061902,11,7
baseline_original_unchanged,57,3,1,2,0.5754578754578755,0.38461538461538464,0.5952380952380952,1.0,0.33333333333333337,0,0,0.9999999999868421,0.3707317073152647,0.5409252665054394,0.3707317073152647,0.9921264648436894,4,1
skeleton_junction_fix,57,3,3,0,0.9251637251637251,0.8513338513338512,0.9603174603174603,1.0,1.0,0,0,0.9999999999913043,0.5609756097533611,0.7187499995350586,0.5609756097533611,0.9945068359374393,6,3
baseline_original_unchanged,58,2,0,2,0.25,0.0,0.0,1.0,0.0,0,0,0.0,0.0,0.0,0.0,0.9859619140624398,2,0
skeleton_junction_fix,58,2,2,0,0.9802051983584131,0.9612403100775193,0.9882352941176471,1.0,1.0,0,0,0.9999999999875,0.3478260869550095,0.5161290318718003,0.3478260869550095,0.9908447265624395,4,2
baseline_original_unchanged,59,4,3,1,0.23480580576694104,0.0696414499605989,0.6423357664233577,0.0,0.75,2,2,0.22972972972662525,0.058823529411561166,0.09366391152061562,0.04913294797673661,0.9799194335936902,5,3
skeleton_junction_fix,59,4,5,1,0.7190065582594314,0.7695685074053867,0.9635036496350365,0.4,0.8,2,2,0.8429752066046035,0.352941176469367,0.497560975191279,0.331168831167756,0.9874267578124397,9,7
baseline_original_unchanged,60,5,1,4,0.08782782330879288,0.04565217391304347,0.23642172523961658,0.0,0.19999999999999996,1,0,0.05555555555478395,0.00550206327372008,0.010012515480545929,0.005031446540874175,0.9517211914061919,4,1
skeleton_junction_fix,60,5,5,0,0.6348149814254829,0.6739824105041496,0.8242811501597445,0.26666666666666666,1.0,1,3,0.822314049583379,0.273727647867574,0.4107327137626972,0.2584415584412228,0.965148925781191,8,5
baseline_original_unchanged,61,3,1,2,0.4887550200803213,0.3333333333333333,0.27710843373493976,1.0,0.33333333333333337,0,0,0.9999999999787235,0.11270983213402228,0.20258620671361285,0.11270983213402228,0.9774169921874403,4,1
skeleton_junction_fix,61,3,3,0,0.9494290889046382,0.8983297022512708,0.9759036144578314,1.0,1.0,0,0,0.9999999999939394,0.3956834532364612,0.567010308870142,0.3956834532364612,0.9846191406249398,6,3
baseline_original_unchanged,62,1,0,1,0.25,0.0,0.0,1.0,0.0,0,0,0.0,0.0,0.0,0.0,0.9886474609374396,1,0
skeleton_junction_fix,62,1,1,0,0.9788135593220338,0.96045197740113,0.9830508474576272,1.0,1.0,0,0,0.9999999999830509,0.31720430107356345,0.4816326526916452,0.31720430107356345,0.9922485351561894,2,1
baseline_original_unchanged,63,3,1,2,0.48125,0.3333333333333333,0.23958333333333337,1.0,0.33333333333333337,0,0,0.9999999999583333,0.09338521400741874,0.17081850518063346,0.09338521400741874,0.9857788085936898,4,1
skeleton_junction_fix,63,3,3,0,0.9641874057315234,0.9343053460700521,0.96875,1.0,1.0,0,0,0.9999999999895833,0.37354085602967496,0.543909348042854,0.37354085602967496,0.9901733398436895,6,3
baseline_original_unchanged,64,3,0,3,0.0,0.0,0.0,0.0,0.0,1,0,0.0,0.0,0.0,0.0,0.964599609374941,2,0
skeleton_junction_fix,64,3,3,0,0.974548742601873,0.9497607655502391,0.985781990521327,1.0,1.0,1,1,0.999999999994709,0.3258620689649554,0.4915474638672553,0.3258620689649554,0.9761352539061904,7,5
baseline_original_unchanged,65,1,0,1,0.25,0.0,0.0,1.0,0.0,0,0,0.0,0.0,0.0,0.0,0.9971313476561892,1,0
skeleton_junction_fix,65,1,1,0,0.8214285714285715,0.6666666666666667,0.8571428571428572,1.0,1.0,0,0,0.9999999999230769,0.27659574467496606,0.43333333297944443,0.27659574467496606,0.997924804687439,2,1
baseline_original_unchanged,66,2,1,1,0.6293478260869566,0.5,0.5217391304347826,1.0,0.5,0,0,0.9999999999795919,0.25789473684074793,0.41004184067477817,0.25789473684074793,0.9913940429686895,3,1
skeleton_junction_fix,66,2,2,0,0.9858942687747035,0.9734848484848484,0.9891304347826086,1.0,1.0,0,0,0.9999999999892473,0.4894736842079502,0.6572438158085131,0.4894736842079502,0.9940795898436893,4,2
baseline_original_unchanged,67,1,0,1,0.25,0.0,0.0,1.0,0.0,0,0,0.0,0.0,0.0,0.0,0.9925537109374394,1,0
skeleton_junction_fix,67,1,1,0,0.9358974358974359,0.8803418803418804,0.9487179487179487,1.0,1.0,0,0,0.9999999999736843,0.31147540983351246,0.4749999996318749,0.31147540983351246,0.9948730468749393,2,1
baseline_original_unchanged,68,3,0,3,0.0,0.0,0.0,0.0,0.0,1,0,0.0,0.0,0.0,0.0,0.9730224609374406,2,0
skeleton_junction_fix,68,3,3,0,0.6192758897129498,0.7273990688624834,0.9597315436241611,0.0,1.0,1,0,0.964788732387572,0.30995475113052046,0.4691780818221172,0.30648769574875506,0.98107910156244,6,4
baseline_original_unchanged,69,2,1,1,0.6754950495049505,0.5,0.7524752475247525,1.0,0.5,0,0,0.9999999999870129,0.49044585986948763,0.6581196576724743,0.49044585986948763,0.9951171874999393,3,1
skeleton_junction_fix,69,2,2,0,0.954039603960396,0.9066666666666666,0.9801980198019802,1.0,1.0,0,0,0.9999999999900989,0.6433121019067305,0.7829457359515953,0.6433121019067305,0.9965820312499392,4,2
baseline_original_unchanged,70,4,2,2,0.15086993746277547,0.05368357487922706,0.3835616438356164,0.0,0.5,2,0,0.15686274509650133,0.021164021163993168,0.037296037086453564,0.019002375296889546,0.949584960937442,5,3
skeleton_junction_fix,70,4,4,0,0.9835115947834523,0.9694473795796658,0.9863013698630136,1.0,1.0,2,2,0.9999999999965518,0.3835978835973762,0.554493307437566,0.3835978835973762,0.9715576171874407,10,8
baseline_original_unchanged,71,1,1,0,1.0,1.0,1.0,1.0,1.0,0,0,0.9999999999655173,0.9999999999655173,0.9999999994655173,0.9999999999655173,0.9999999999999389,2,1
skeleton_junction_fix,71,1,1,0,1.0,1.0,1.0,1.0,1.0,0,0,0.9999999999655173,0.9999999999655173,0.9999999994655173,0.9999999999655173,0.9999999999999389,2,1
baseline_original_unchanged,72,3,2,1,0.14949494949494951,0.0,0.41414141414141414,0.0,0.6666666666666667,1,1,0.13432835820695033,0.02050113895211731,0.03557312229974692,0.018108651911432377,0.9702148437499407,4,2
skeleton_junction_fix,72,3,4,1,0.457672558922559,0.48899176954732515,0.8131313131313131,0.0,0.75,1,3,0.5869565217348772,0.1845102505690558,0.2807625646264279,0.16330645161257398,0.9746704101561905,6,4
baseline_original_unchanged,73,2,0,2,0.0,0.0,0.0,0.0,0.0,1,0,0.0,0.0,0.0,0.0,0.9771118164061904,1,0
skeleton_junction_fix,73,2,2,0,0.9776588114754098,0.9576388888888889,0.9836065573770492,1.0,1.0,1,1,0.9999999999917355,0.32266666666580623,0.48790322543560577,0.32266666666580623,0.9844970703124399,5,4
baseline_original_unchanged,74,4,4,0,1.0,1.0,1.0,1.0,1.0,0,0,0.9999999999945652,0.9999999999945652,0.9999999994945652,0.9999999999945652,0.9999999999999389,8,4
skeleton_junction_fix,74,4,4,0,1.0,1.0,1.0,1.0,1.0,0,0,0.9999999999945652,0.9999999999945652,0.9999999994945652,0.9999999999945652,0.9999999999999389,8,4
baseline_original_unchanged,75,5,1,4,0.06285714285714286,0.0,0.2142857142857143,0.0,0.19999999999999996,2,0,0.12121212120844813,0.006825938566541252,0.012924070981409902,0.006504065040639831,0.9627075195311913,3,1
skeleton_junction_fix,75,5,5,0,0.8388285024154589,0.9196188942565754,1.0,0.5,1.0,2,1,0.9999999999951457,0.3515358361768745,0.5202020198158096,0.3515358361768745,0.9768066406249404,11,9
baseline_original_unchanged,76,2,1,1,0.6951127819548872,0.7142857142857143,0.368421052631579,1.0,0.5,0,0,0.9999999999655173,0.14871794871718608,0.258928571200853,0.14871794871718608,0.9898681640624396,3,1
skeleton_junction_fix,76,2,2,0,1.0,1.0,1.0,1.0,1.0,0,0,0.9999999999859155,0.3641025641006969,0.5338345860708066,0.3641025641006969,0.9924316406249394,4,2
baseline_original_unchanged,77,2,0,2,0.25,0.0,0.0,1.0,0.0,0,0,0.0,0.0,0.0,0.0,0.98229980468744,2,0
skeleton_junction_fix,77,2,2,0,0.9639880952380953,0.9305555555555556,0.9761904761904762,1.0,1.0,0,0,0.9999999999861111,0.2482758620681094,0.39779005492774944,0.2482758620681094,0.9866943359374397,4,2
baseline_original_unchanged,78,5,3,2,0.6954490637892734,0.6521739130434783,0.45985401459854014,1.0,0.6,0,0,0.9999999999922481,0.2621951219506866,0.4154589368675738,0.2621951219506866,0.9778442382811903,8,3
skeleton_junction_fix,78,5,5,0,0.9830273835970439,0.9703933747412007,0.9817518248175182,1.0,1.0,0,0,0.999999999995935,0.49999999999898376,0.6666666662204156,0.49999999999898376,0.9849853515624398,10,5
baseline_original_unchanged,79,5,1,4,0.4610996295574186,0.21739130434782608,0.4663677130044843,1.0,0.19999999999999996,0,0,0.9999999999904762,0.2436194895585995,0.3917910444596165,0.2436194895585995,0.9801025390624402,6,1
skeleton_junction_fix,79,5,5,0,0.9276149855265258,0.8511025587684627,0.9730941704035875,1.0,1.0,0,0,0.999999999995122,0.47563805104297996,0.6446540876114226,0.47563805104297996,0.9862060546874398,10,5
