method,sample,true_vectors,pred_vectors,vector_count_error,engineering_score,line_geometry_score,total_length_score,junction_angle_score,vector_count_score,true_junctions,pred_junctions,pixel_precision_on_skeleton,pixel_recall_on_skeleton,pixel_f1_on_skeleton,pixel_iou_on_skeleton,pixel_accuracy_on_skeleton,tp,fp,fn,tn,precision_from_matrix,recall_from_matrix,f1_from_matrix,accuracy_from_matrix,iou_from_matrix,raw_stroke_pixels,skeleton_stroke_pixels,graph_node_clusters,traced_paths,classified_line_pixels,classified_endpoint_pixels,classified_corner_pixels,classified_t_junction_pixels,classified_x_junction_pixels,internal_skeletonization_applied
baseline_on_shared_skeleton,0,1,1,0,1.0,1.0,1.0,1.0,1.0,0,0,0.99999999996,0.99999999996,0.99999999946,0.99999999996,0.9999999999999389,16359,0,0,25,0.9999999999999388,0.9999999999999388,0.9999999994999389,0.9999999999999389,0.9999999999999388,25,25,2,1,,,,,,
skeleton_graph_junction_fix_on_shared_skeleton,0,1,1,0,1.0,1.0,1.0,1.0,1.0,0,0,0.99999999996,0.99999999996,0.99999999946,0.99999999996,0.9999999999999389,16359,0,0,25,0.9999999999999388,0.9999999999999388,0.9999999994999389,0.9999999999999389,0.9999999999999388,25,25,2,1,23.0,2.0,0.0,0.0,0.0,False
baseline_on_shared_skeleton,1,10,19,9,0.4462989627095449,0.40418764005720526,0.7422480620155039,0.25333333333333335,0.5263157894736843,5,15,0.5741758241742468,0.5291139240492934,0.5507246371805423,0.3799999999993091,0.9791870117186902,15834,186,155,209,0.9883895131085525,0.9903058352616805,0.9893467457275621,0.9791870117186902,0.9789180834620723,1237,395,30,27,,,,,,
skeleton_graph_junction_fix_on_shared_skeleton,1,10,20,10,0.43086802681202935,0.4265447515447517,0.7209302325581395,0.17894736842105266,0.5,5,19,0.5706214689249418,0.5113924050619965,0.5393858472971206,0.3692870201090141,0.9789428710936903,15837,193,152,202,0.9879600748595765,0.9904934642566144,0.9892251470685701,0.9789428710936903,0.9786800148312336,1237,395,30,27,261.0,13.0,7.0,95.0,19.0,False
baseline_on_shared_skeleton,2,2,2,0,0.9878719402649899,0.9760928961748634,0.9931506849315068,1.0,1.0,1,1,0.9834710743720374,0.9834710743720374,0.9834710738720374,0.9674796747888823,0.9997558593749389,16261,2,2,119,0.9998770214596938,0.9998770214596938,0.9998770209596938,0.9997558593749389,0.9997540731631724,250,121,5,4,,,,,,
skeleton_graph_junction_fix_on_shared_skeleton,2,2,5,3,0.46324971461187214,0.47125,0.9726027397260274,0.06666666666666667,0.4,1,6,0.6363636363583771,0.6363636363583771,0.6363636358583771,0.46666666666383844,0.9946289062499393,16219,44,44,77,0.9972944721145547,0.9972944721145547,0.9972944716145546,0.9946289062499393,0.9946035444900353,250,121,6,5,109.0,4.0,0.0,6.0,2.0,False
baseline_on_shared_skeleton,3,18,32,14,0.6365035138137346,0.7324301145019231,0.8546511627906976,0.318918918918919,0.5625,30,37,0.6552538370712453,0.6201117318428826,0.6371986217728972,0.46756529064830027,0.9614257812499413,15197,340,292,555,0.9781167535559646,0.981147911420945,0.9796299872521458,0.9614257812499413,0.9600732832142927,2359,895,50,61,,,,,,
skeleton_graph_junction_fix_on_shared_skeleton,3,18,35,17,0.5975374749028711,0.7027352326529156,0.875,0.21951219512195116,0.5142857142857142,30,41,0.7269585253447847,0.7050279329601061,0.7158252972871668,0.5574204946991542,0.9694213867186908,15252,264,237,631,0.9829853054910426,0.9846988185163028,0.9838413154167244,0.9694213867186908,0.9681965339934635,2359,895,52,63,678.0,23.0,8.0,93.0,93.0,False
baseline_on_shared_skeleton,4,12,19,7,0.504214697767758,0.5032814452425779,0.8229007633587786,0.2,0.631578947368421,10,15,0.5728542914160223,0.5364485981298385,0.554054053553523,0.38317757009294634,0.9718017578124407,15635,248,214,287,0.9843858213183287,0.9864975708245954,0.985440564229549,0.9718017578124407,0.9712989998135695,1023,535,32,31,,,,,,
skeleton_graph_junction_fix_on_shared_skeleton,4,12,18,6,0.5487855885901053,0.5866284213509265,0.8198473282442749,0.2166666666666667,0.6666666666666667,10,12,0.7212121212106642,0.667289719624921,0.6932038829945536,0.5304606240705343,0.9807128906249402,15711,178,138,357,0.9887972811378318,0.9912928260457448,0.9900434805006315,0.9807128906249402,0.980283271978475,1023,535,34,33,419.0,17.0,6.0,66.0,27.0,False
baseline_on_shared_skeleton,5,2,2,0,0.9720728359173126,0.9448302469135801,0.9844961240310077,1.0,1.0,0,0,0.9999999999918698,0.9999999999918698,0.9999999994918698,0.9999999999918698,0.9999999999999389,16261,0,0,123,0.9999999999999385,0.9999999999999385,0.9999999994999385,0.9999999999999389,0.9999999999999385,417,123,4,2,,,,,,
skeleton_graph_junction_fix_on_shared_skeleton,5,2,2,0,0.9720728359173126,0.9448302469135801,0.9844961240310077,1.0,1.0,0,0,0.9999999999918698,0.9999999999918698,0.9999999994918698,0.9999999999918698,0.9999999999999389,16261,0,0,123,0.9999999999999385,0.9999999999999385,0.9999999994999385,0.9999999999999389,0.9999999999999385,417,123,4,2,119.0,4.0,0.0,0.0,0.0,False
baseline_on_shared_skeleton,6,13,10,3,0.6785782587596669,0.652730921234409,0.896774193548387,0.5142857142857142,0.7692307692307692,7,4,0.9802867383494978,0.9733096085391935,0.9767857137839764,0.9546247818482467,0.998413085937439,15811,15,11,547,0.9990521925944017,0.9993047655163064,0.9991784625939713,0.998413085937439,0.9983582749257436,1383,562,22,20,,,,,,
skeleton_graph_junction_fix_on_shared_skeleton,6,13,10,3,0.6552925444739528,0.632730921234409,0.896774193548387,0.4571428571428572,0.7692307692307692,7,4,0.9802867383494978,0.9733096085391935,0.9767857137839764,0.9546247818482467,0.998413085937439,15811,15,11,547,0.9990521925944017,0.9993047655163064,0.9991784625939713,0.998413085937439,0.9983582749257436,1383,562,22,20,510.0,16.0,0.0,12.0,24.0,False
baseline_on_shared_skeleton,7,19,22,3,0.5644496517899985,0.5980318017832968,0.8900966183574879,0.12380952380952379,0.8636363636363636,21,13,0.7503526093078274,0.72086720867111,0.7353144431757566,0.5814207650266869,0.9766235351561904,15469,206,177,532,0.9868580542264123,0.9886872043972268,0.9877717820100742,0.9766235351561904,0.9758390108503043,1760,738,41,43,,,,,,
skeleton_graph_junction_fix_on_shared_skeleton,7,19,33,14,0.6395441640861721,0.7489030304939661,0.9033816425120773,0.2571428571428571,0.5757575757575757,21,35,0.8328767123276262,0.8238482384812685,0.8283378741582867,0.7069767441852245,0.9846191406249398,15524,130,122,608,0.9916954133128278,0.9922024798669953,0.9919488812890739,0.9846191406249398,0.9840263691682946,1760,738,48,50,607.0,26.0,3.0,51.0,51.0,False
baseline_on_shared_skeleton,8,17,18,1,0.6500262331270417,0.6366431032109312,0.8593508500772797,0.38888888888888884,0.9444444444444444,8,18,0.5984251968492157,0.49999999999917766,0.5448028668865508,0.37438423645274094,0.9689941406249408,15572,304,204,304,0.9808515998991572,0.9870689655171788,0.9839504607662136,0.9689941406249408,0.9684079601989447,1081,608,30,23,,,,,,
skeleton_graph_junction_fix_on_shared_skeleton,8,17,18,1,0.6841766319055179,0.6377527916445632,0.8887171561051005,0.5,0.9444444444444444,8,10,0.6015037593973656,0.5263157894728185,0.561403508273167,0.3902439024385485,0.9694824218749408,15564,288,212,320,0.9818319454957746,0.9865618661256981,0.9841912224669319,0.9694824218749408,0.9688745019919716,1081,608,31,24,400.0,28.0,6.0,102.0,72.0,False
baseline_on_shared_skeleton,9,9,9,0,0.7866984150241031,0.8311912830261454,0.9383116883116883,0.5,1.0,2,1,0.8028673835096671,0.7999999999971429,0.8014311265096565,0.6686567164159145,0.9932250976561894,16049,56,55,224,0.9965228190002485,0.99658469945349,0.9965537577662611,0.9932250976561894,0.9931311881187505,679,280,18,11,,,,,,
skeleton_graph_junction_fix_on_shared_skeleton,9,9,9,0,0.7952531710788592,0.8487588505937129,0.9415584415584416,0.5,1.0,2,1,0.799283154118999,0.7964285714257271,0.7978533089783634,0.663690476188501,0.9931030273436894,16048,57,56,223,0.9964607264823969,0.9965226030799182,0.9964916633206092,0.9931030273436894,0.993007858424541,679,280,18,11,254.0,16.0,2.0,6.0,2.0,False
baseline_on_shared_skeleton,10,14,18,4,0.6290350270093872,0.6963768957109818,0.9572953736654805,0.1857142857142857,0.7777777777777778,9,14,0.7715355805228997,0.7629629629615501,0.7672253253831306,0.6223564954673378,0.9847412109374398,15722,128,122,412,0.9919242902207576,0.9922999242614875,0.9921120711854299,0.9847412109374398,0.9843476083144888,1267,540,33,30,,,,,,
skeleton_graph_junction_fix_on_shared_skeleton,10,14,20,6,0.6515740845728798,0.768909195452584,0.9590747330960854,0.175,0.7,9,16,0.8119180633131994,0.8074074074059122,0.8096564526089924,0.6801872074872384,0.9874877929686897,15743,104,101,436,0.993437243642267,0.9936253471344992,0.9935312859850592,0.9874877929686897,0.9871457236016437,1267,540,33,30,460.0,22.0,1.0,30.0,27.0,False
baseline_on_shared_skeleton,11,12,10,2,0.7207740297330066,0.6794190416446638,0.9085106382978724,0.6,0.8333333333333334,1,1,0.8310185185165949,0.8215102974809576,0.8262370535832703,0.7039215686260708,0.9907836914061895,15874,78,73,359,0.9951103309929166,0.9954223364895595,0.9952663087886301,0.9907836914061895,0.9905772230888618,855,437,23,16,,,,,,
skeleton_graph_junction_fix_on_shared_skeleton,11,12,10,2,0.7228266613119539,0.6839804451534357,0.9085106382978724,0.6,0.8333333333333334,1,1,0.8310185185165949,0.8215102974809576,0.8262370535832703,0.7039215686260708,0.9907836914061895,15874,78,73,359,0.9951103309929166,0.9954223364895595,0.9952663087886301,0.9907836914061895,0.9905772230888618,855,437,23,16,392.0,18.0,0.0,19.0,8.0,False
baseline_on_shared_skeleton,12,14,21,7,0.6891092122171495,0.7802101434507959,0.9192399049881235,0.35,0.6666666666666667,13,16,0.7976190476179926,0.7872062663175102,0.7923784489076531,0.6561479869416147,0.9807128906249402,15465,163,153,603,0.9895700025594453,0.9902036112177621,0.9898867049982403,0.9807128906249402,0.9799759204105583,2128,766,33,34,,,,,,
skeleton_graph_junction_fix_on_shared_skeleton,12,14,23,9,0.6485548931332457,0.7898925979530448,0.9204275534441805,0.1925925925925926,0.6086956521739131,13,27,0.8134920634909875,0.8028720626621373,0.8081471742689991,0.6780595369342028,0.98217773437494,15477,151,141,615,0.9903378551317513,0.9909719554359718,0.9906548033148249,0.98217773437494,0.9814826558436818,2128,766,33,34,670.0,18.0,6.0,41.0,31.0,False
baseline_on_shared_skeleton,13,13,15,2,0.6605818823639449,0.645285358641069,0.9676840215439857,0.36,0.8666666666666667,7,10,0.5883495145619644,0.5826923076911872,0.5855072458756918,0.4139344262289427,0.9738159179686905,15652,217,212,303,0.9863255403616493,0.9866364094805228,0.9864809499300893,0.9738159179686905,0.9733225545674414,1338,520,30,25,,,,,,
skeleton_graph_junction_fix_on_shared_skeleton,13,13,15,2,0.8033834141127977,0.8284908371334327,0.9694793536804309,0.6,0.8666666666666667,7,10,0.8916827852980819,0.8865384615367566,0.8891031817547985,0.8003472222208328,0.9929809570311894,15808,59,56,461,0.9962815907228212,0.9964699949570728,0.9963757834336296,0.9929809570311894,0.9927777428875845,1338,520,32,27,452.0,23.0,2.0,13.0,30.0,False
baseline_on_shared_skeleton,14,8,11,3,0.5984093038732384,0.6590462033520226,0.9147869674185464,0.18461538461538465,0.7272727272727273,5,13,0.7578347578325988,0.7208672086701332,0.738888888387149,0.58590308369915,0.9885253906249396,15930,103,85,266,0.9935757500155309,0.9946924758038717,0.9941337988009865,0.9885253906249396,0.9883360218388765,1109,369,17,14,,,,,,
skeleton_graph_junction_fix_on_shared_skeleton,14,8,14,6,0.6526244795074777,0.8011259667139158,0.949874686716792,0.18,0.5714285714285714,5,10,0.934065934063368,0.9214092140896439,0.9276944060459232,0.8651399491072134,0.9967651367186892,15991,29,24,340,0.998189762796442,0.998501404932813,0.998345559044186,0.9967651367186892,0.9966965843928574,1109,369,21,19,311.0,14.0,6.0,24.0,14.0,False
baseline_on_shared_skeleton,15,20,33,13,0.5626210249605705,0.5581461142886741,0.8204225352112676,0.3470588235294117,0.6060606060606061,29,34,0.5932792584002395,0.558951965064892,0.5756042715627534,0.404104183109389,0.9539184570311917,15117,404,351,512,0.9739707493073272,0.9773079906903945,0.9756365156831003,0.9539184570311917,0.9524319556451013,2666,916,48,51,,,,,,
skeleton_graph_junction_fix_on_shared_skeleton,15,20,34,14,0.5220531785793702,0.5047699633488334,0.829225352112676,0.2809523809523809,0.5882352941176471,29,42,0.6020761245667796,0.5698689956325657,0.5855300051082458,0.4139571768434465,0.9548950195311917,15123,394,345,522,0.9746084939098424,0.9776958882854294,0.9761497493789119,0.9548950195311917,0.9534106670028398,2666,916,46,49,693.0,28.0,11.0,129.0,55.0,False
baseline_on_shared_skeleton,16,19,23,4,0.667764378847218,0.7165961228504505,0.9457900807381776,0.29411764705882354,0.8260869565217391,15,17,0.7625806451603063,0.7129071170075839,0.7369077301729644,0.583415597235357,0.9742431640624405,15371,238,184,591,0.9847523864436553,0.9881710061072975,0.9864587339371093,0.9742431640624405,0.9732793009560582,1836,829,49,46,,,,,,
skeleton_graph_junction_fix_on_shared_skeleton,16,19,24,5,0.7532435150440462,0.7707362618049164,0.9331026528258363,0.5624999999999999,0.7916666666666666,15,16,0.8635778635767521,0.809408926416394,0.8356164378556479,0.7176470588227619,0.9838867187499399,15449,158,106,671,0.9898763375407836,0.9931854709096115,0.9915281427513336,0.9838867187499399,0.9831986253420109,1836,829,52,50,571.0,29.0,6.0,158.0,65.0,False
baseline_on_shared_skeleton,17,1,1,0,0.9404761904761905,0.888888888888889,0.9523809523809523,1.0,1.0,0,0,0.999999999952381,0.999999999952381,0.9999999994523809,0.999999999952381,0.9999999999999389,16363,0,0,21,0.9999999999999388,0.9999999999999388,0.9999999994999389,0.9999999999999389,0.9999999999999388,72,21,2,1,,,,,,
skeleton_graph_junction_fix_on_shared_skeleton,17,1,1,0,0.9404761904761905,0.888888888888889,0.9523809523809523,1.0,1.0,0,0,0.999999999952381,0.999999999952381,0.9999999994523809,0.999999999952381,0.9999999999999389,16363,0,0,21,0.9999999999999388,0.9999999999999388,0.9999999994999389,0.9999999999999389,0.9999999999999388,72,21,2,1,19.0,2.0,0.0,0.0,0.0,False
baseline_on_shared_skeleton,18,13,16,3,0.6344910220735464,0.6939263711199195,0.8548707753479126,0.27999999999999997,0.8125,4,10,0.7482014388471266,0.6380368098146462,0.688741721355942,0.525252525251641,0.9827880859374399,15790,177,105,312,0.9889146364375907,0.9933941491034292,0.9911493309919998,0.9827880859374399,0.982453957192572,1193,489,25,18,,,,,,
skeleton_graph_junction_fix_on_shared_skeleton,18,13,19,6,0.5659916857832452,0.6659658131593614,0.8727634194831014,0.09333333333333332,0.6842105263157895,4,15,0.8329355608572007,0.713701431491383,0.7687224664616309,0.6243291592117632,0.9871826171874397,15825,140,70,349,0.991230817413029,0.9955960994022651,0.9934086624001284,0.9871826171874397,0.9869036482693491,1193,489,27,20,326.0,20.0,7.0,83.0,53.0,False
baseline_on_shared_skeleton,19,20,25,5,0.5483198702443233,0.5977582031208135,0.8002148227712138,0.15714285714285717,0.8,8,14,0.7706552706541728,0.7566433566422984,0.763585038313361,0.617579908675094,0.9795532226561902,15508,174,161,541,0.988904476469775,0.9897249345841477,0.9893145349214545,0.9795532226561902,0.9788550148329875,2133,715,38,31,,,,,,
skeleton_graph_junction_fix_on_shared_skeleton,19,20,28,8,0.5267402551870112,0.6053542847096487,0.8045112781954887,0.088,0.7142857142857143,8,25,0.7716312056726644,0.7608391608380968,0.7661971825975372,0.6210045662093368,0.9797363281249402,15508,171,161,544,0.9890936921996946,0.9897249345841477,0.9894092122088817,0.9797363281249402,0.9790404040403422,2133,715,39,32,632.0,25.0,6.0,41.0,11.0,False
baseline_on_shared_skeleton,20,14,21,7,0.5337100039217434,0.5423798236060393,0.9005763688760807,0.17142857142857146,0.6666666666666667,11,14,0.7018739352628588,0.6427457098273904,0.6710097714868447,0.504901960783695,0.9753417968749405,15568,229,175,412,0.9855035766284114,0.9888839484214579,0.9871908682380492,0.9753417968749405,0.9747057350362525,1722,641,34,34,,,,,,
skeleton_graph_junction_fix_on_shared_skeleton,20,14,24,10,0.5620160412700647,0.6342164563179363,0.9164265129682997,0.13999999999999999,0.5833333333333333,11,20,0.7755443886084162,0.7223088923545674,0.7479806133927996,0.5974193548379388,0.98095703124994,15609,178,134,463,0.9887249002343074,0.9914882805055585,0.9901046617263891,0.98095703124994,0.980403241002388,1722,641,34,34,472.0,19.0,4.0,89.0,57.0,False
baseline_on_shared_skeleton,21,15,17,2,0.5258683935577447,0.578018235834957,0.887624466571835,0.0,0.8823529411764706,5,9,0.6521739130423877,0.5981595092015366,0.6239999994999348,0.45348837209249593,0.9713134765624407,15524,262,208,390,0.983403015329977,0.9867785405542215,0.9850878857871399,0.9713134765624407,0.9706139802425302,1742,652,29,22,,,,,,
skeleton_graph_junction_fix_on_shared_skeleton,21,15,17,2,0.6243875501766566,0.7333246664507852,0.8918918918918919,0.1111111111111111,0.8823529411764706,5,9,0.8019801980184786,0.7453987730049917,0.7726550074485657,0.6295336787556612,0.98254394531244,15612,166,120,486,0.9894790214221707,0.9923722349351008,0.9909235158439558,0.98254394531244,0.9820103157629273,1742,652,30,23,591.0,24.0,1.0,18.0,18.0,False
baseline_on_shared_skeleton,22,18,28,10,0.6538852190823521,0.7515034823111131,0.9330406147091108,0.25925925925925924,0.6428571428571428,15,27,0.8041871921172362,0.7755344418043046,0.7896009668510839,0.6523476523470007,0.9787597656249403,15383,189,159,653,0.9878628307217449,0.9897696564148121,0.9888153237912526,0.9787597656249403,0.9778780751381998,2158,842,50,49,,,,,,
skeleton_graph_junction_fix_on_shared_skeleton,22,18,36,18,0.6480971475174409,0.7822879224803538,0.9330406147091108,0.2378378378378378,0.5,15,37,0.792383292382319,0.7660332541558599,0.778985506745579,0.6379821958450663,0.9776611328124403,15373,197,169,645,0.987347463069943,0.9891262385792697,0.9882360498984969,0.9776611328124403,0.9767456636380344,2158,842,53,52,651.0,30.0,13.0,104.0,44.0,False
baseline_on_shared_skeleton,23,17,22,5,0.6241846185488721,0.7076437090087168,0.8298611111111112,0.25000000000000006,0.7727272727272727,13,20,0.6705882352931315,0.6104417670674559,0.6391030128148525,0.46961894953607664,0.9685668945311908,15413,291,224,456,0.9814696892510837,0.9856750015987091,0.9835678499195177,0.9685668945311908,0.9676670015067197,1819,747,35,32,,,,,,
skeleton_graph_junction_fix_on_shared_skeleton,23,17,22,5,0.7025491652222422,0.7591217456174721,0.8414351851851851,0.46153846153846156,0.7727272727272727,13,13,0.7136627906966372,0.6572958500660545,0.6843205569911807,0.5201271186435168,0.9723510742186906,15440,256,197,491,0.9836901121304163,0.9874016755131427,0.9855423988871663,0.9723510742186906,0.9714968854211935,1819,747,39,36,567.0,25.0,8.0,101.0,46.0,False
baseline_on_shared_skeleton,24,15,20,5,0.5364089401230956,0.46978992813273346,0.8382526564344746,0.32941176470588235,0.75,13,17,0.4226804123705115,0.367477592829235,0.39315068443340867,0.24467178175597215,0.9459228515624423,15211,494,392,287,0.9685450493472799,0.9748766262897536,0.9717005233277188,0.9459228515624423,0.9449586879542184,2042,781,36,37,,,,,,
skeleton_graph_junction_fix_on_shared_skeleton,24,15,24,9,0.6352676604760763,0.7003292790752536,0.9362455726092089,0.28148148148148144,0.625,13,27,0.7944664031610086,0.7720870678607271,0.7831168826159681,0.6435432230516077,0.9796142578124402,15447,178,156,603,0.9886079999999366,0.9900019227071082,0.9893044698470612,0.9796142578124402,0.9788353082820493,2042,781,41,42,576.0,24.0,12.0,109.0,60.0,False
baseline_on_shared_skeleton,25,20,29,9,0.6497434778707096,0.698204020579045,0.8981481481481481,0.3478260869565217,0.6896551724137931,21,23,0.7768395657409206,0.6962162162154636,0.7343215502418236,0.5801801801796574,0.9715576171874407,15274,281,185,644,0.9819350691095479,0.9880328611164377,0.9849745271326231,0.9715576171874407,0.9703939008893919,2142,925,45,45,,,,,,
skeleton_graph_junction_fix_on_shared_skeleton,25,20,31,11,0.6483477365116643,0.6954831332189823,0.904320987654321,0.36,0.6451612903225806,21,25,0.803084223012096,0.7318918918911007,0.7658371035726075,0.6205316223642342,0.9747314453124405,15293,248,166,677,0.9840422109258745,0.9892619186233915,0.9866451607902623,0.9747314453124405,0.9736423250779287,2142,925,47,47,714.0,30.0,11.0,90.0,80.0,False
baseline_on_shared_skeleton,26,4,4,0,0.9840927676124965,0.9715234469281138,0.9845360824742269,1.0,1.0,1,1,0.9999999999946525,0.9999999999946525,0.9999999994946525,0.9999999999946525,0.9999999999999389,16197,0,0,187,0.9999999999999383,0.9999999999999383,0.9999999994999382,0.9999999999999389,0.9999999999999383,506,187,9,6,,,,,,
skeleton_graph_junction_fix_on_shared_skeleton,26,4,4,0,0.9840927676124965,0.9715234469281138,0.9845360824742269,1.0,1.0,1,1,0.9999999999946525,0.9999999999946525,0.9999999994946525,0.9999999999946525,0.9999999999999389,16197,0,0,187,0.9999999999999383,0.9999999999999383,0.9999999994999382,0.9999999999999389,0.9999999999999383,506,187,9,6,174.0,8.0,0.0,0.0,5.0,False
baseline_on_shared_skeleton,27,12,20,8,0.5816144152508342,0.6856922261727839,0.9623233908948194,0.08235294117647059,0.6,5,17,0.7512953367862673,0.7178217821770333,0.7341772146888939,0.5799999999992267,0.9807739257811902,15634,171,144,435,0.9891806390382164,0.9908733679806698,0.9900262794606759,0.9807739257811902,0.9802495454259841,1410,606,29,25,,,,,,
skeleton_graph_junction_fix_on_shared_skeleton,27,12,20,8,0.5733552747245974,0.6968991227245082,0.9105180533751962,0.07058823529411765,0.6,5,17,0.7876106194676326,0.7343234323420226,0.7600341583379142,0.6129476584013596,0.9828491210936899,15658,161,120,445,0.9898223655097673,0.9923944733172143,0.9911067501408216,0.9828491210936899,0.9823702867180512,1410,606,29,25,540.0,20.0,1.0,24.0,21.0,False
baseline_on_shared_skeleton,28,14,25,11,0.5734861897221124,0.6607549948770493,0.9155470249520153,0.14814814814814814,0.56,10,27,0.7858719646781769,0.7772925764175168,0.7815587261722838,0.6414414414402857,0.9878540039061897,15829,102,97,356,0.9935973887388743,0.9939093306542136,0.9937533347166873,0.9878540039061897,0.9875842276016353,1124,458,35,31,,,,,,
skeleton_graph_junction_fix_on_shared_skeleton,28,14,23,9,0.561356925044313,0.6339420942360234,0.9213051823416507,0.12380952380952381,0.6086956521739131,10,21,0.783664459159418,0.7751091703039845,0.7793633364906201,0.6384892086319451,0.9877319335936897,15828,103,98,355,0.9935346180402364,0.9938465402485875,0.993690554166102,0.9877319335936897,0.9874602283360792,1124,458,35,31,373.0,23.0,4.0,37.0,21.0,False
baseline_on_shared_skeleton,29,20,22,2,0.5891854287937514,0.5714029056954263,0.816836262719704,0.3111111111111111,0.9090909090909091,14,18,0.6370023419196288,0.6057906458790582,0.621004565709652,0.4503311258274418,0.9594726562499414,15176,354,310,544,0.9772054088859641,0.9799819191527198,0.9785916941091717,0.9594726562499414,0.9580808080807476,2144,898,43,40,,,,,,
skeleton_graph_junction_fix_on_shared_skeleton,29,20,27,7,0.5997578134395534,0.6106693848372559,0.8344125809435707,0.336,0.7407407407407407,14,25,0.7682648401817714,0.7494432071261142,0.7587373162974176,0.6112624886461296,0.9738769531249405,15283,225,203,673,0.9854913592983631,0.9868913857677265,0.9861908751532888,0.9738769531249405,0.9727579402965455,2144,898,46,44,756.0,30.0,6.0,55.0,51.0,False
baseline_on_shared_skeleton,30,3,3,0,0.9914660973084886,0.9837962962962963,0.9937888198757764,1.0,1.0,1,1,0.9999999999938273,0.9999999999938273,0.9999999994938273,0.9999999999938273,0.9999999999999389,16222,0,0,162,0.9999999999999384,0.9999999999999384,0.9999999994999385,0.9999999999999389,0.9999999999999384,265,162,7,5,,,,,,
skeleton_graph_junction_fix_on_shared_skeleton,30,3,3,0,0.9914660973084886,0.9837962962962963,0.9937888198757764,1.0,1.0,1,1,0.9999999999938273,0.9999999999938273,0.9999999994938273,0.9999999999938273,0.9999999999999389,16222,0,0,162,0.9999999999999384,0.9999999999999384,0.9999999994999385,0.9999999999999389,0.9999999999999384,265,162,7,5,151.0,6.0,0.0,0.0,5.0,False
baseline_on_shared_skeleton,31,9,9,0,0.9514441325848704,0.9050610353737859,0.9708333333333333,1.0,1.0,0,0,0.9999999999955556,0.9999999999955556,0.9999999994955555,0.9999999999955556,0.9999999999999389,16159,0,0,225,0.999999999999938,0.999999999999938,0.999999999499938,0.9999999999999389,0.999999999999938,434,225,18,9,,,,,,
skeleton_graph_junction_fix_on_shared_skeleton,31,9,9,0,0.9514441325848704,0.9050610353737859,0.9708333333333333,1.0,1.0,0,0,0.9999999999955556,0.9999999999955556,0.9999999994955555,0.9999999999955556,0.9999999999999389,16159,0,0,225,0.999999999999938,0.999999999999938,0.999999999499938,0.9999999999999389,0.999999999999938,434,225,18,9,207.0,18.0,0.0,0.0,0.0,False
baseline_on_shared_skeleton,32,11,19,8,0.5346578015138493,0.5738742927880859,0.9186851211072664,0.1391304347826087,0.5789473684210527,11,23,0.5345167652849417,0.4762741652012719,0.5037174716196827,0.3366459627325011,0.9674072265624409,15579,298,236,271,0.9812307110914542,0.9850774581093275,0.9831503213477247,0.9674072265624409,0.9668590579034961,1166,569,27,28,,,,,,
skeleton_graph_junction_fix_on_shared_skeleton,32,11,17,6,0.7120456640802489,0.7358800224466892,0.9809688581314879,0.4799999999999999,0.6470588235294117,11,15,0.6836158192077522,0.6379613356755045,0.6599999994993967,0.4925373134321675,0.9771728515624404,15647,206,168,363,0.9870056140792918,0.9893771735693335,0.9881899704485299,0.9771728515624404,0.9766556394731305,1166,569,29,30,438.0,18.0,3.0,54.0,56.0,False
baseline_on_shared_skeleton,33,19,27,8,0.6215342442686679,0.7085295388954413,0.9116279069767442,0.20000000000000004,0.7037037037037037,18,12,0.7367706919935729,0.7182539682530182,0.7273945072017188,0.5715789473678194,0.9751586914061905,15434,213,194,543,0.9863871668689853,0.9875863834143213,0.98698641037124,0.9751586914061905,0.9743071775771116,1899,756,45,45,,,,,,
skeleton_graph_junction_fix_on_shared_skeleton,33,19,31,12,0.6555088797328128,0.7702272846275561,0.9255813953488372,0.25,0.6129032258064516,18,20,0.7654155495968292,0.7552910052900063,0.7603195734004744,0.6133190118145937,0.9780273437499403,15453,185,175,571,0.988169842690818,0.9888021499871391,0.9884858947215832,0.9780273437499403,0.9772339214569672,1899,756,46,46,625.0,25.0,8.0,70.0,28.0,False
baseline_on_shared_skeleton,34,18,28,10,0.6164008210274455,0.6575521285829531,0.9060832443970117,0.3,0.6428571428571428,21,26,0.6984536082465226,0.6617826617818537,0.6796238239509218,0.5147198480526926,0.9688110351561908,15331,277,234,542,0.9822526909276664,0.9849662704785747,0.9836076086488806,0.9688110351561908,0.9677439717206812,1955,819,49,51,,,,,,
skeleton_graph_junction_fix_on_shared_skeleton,34,18,35,17,0.6404689454201483,0.7457715651135007,0.935965848452508,0.265,0.5142857142857142,21,40,0.8277153558042101,0.8095238095228211,0.8185185180175696,0.6927899686513137,0.98205566406244,15427,156,138,663,0.9899890906756729,0.991133954384774,0.9905611912297426,0.98205566406244,0.9812988995610342,1955,819,51,54,635.0,26.0,8.0,96.0,54.0,False
baseline_on_shared_skeleton,35,9,7,2,0.8050489642184557,0.7244444444444444,0.8813559322033898,0.9,0.7777777777777778,2,2,0.8675078864325947,0.862068965514539,0.864779873711122,0.7617728531834854,0.9947509765624393,16023,44,42,275,0.9972614676043444,0.9973856209149705,0.9973235398958048,0.9947509765624393,0.9946613694207589,533,319,18,13,,,,,,
skeleton_graph_junction_fix_on_shared_skeleton,35,9,8,1,0.8055540147235063,0.7008754208754209,0.8813559322033898,0.9,0.8888888888888888,2,2,0.8679245282991574,0.8652037617527737,0.8665620089164328,0.7645429362859708,0.9948120117186893,16023,43,42,276,0.997323540395805,0.9973856209149705,0.9973545791893343,0.9948120117186893,0.9947231189470452,533,319,18,13,287.0,14.0,0.0,8.0,10.0,False
baseline_on_shared_skeleton,36,9,18,9,0.47114845921558474,0.43654255521344126,0.9330453563714902,0.1523809523809524,0.5,7,21,0.4087591240865967,0.3818181818173141,0.39482961172056935,0.2459736456804598,0.9685668945311908,15701,272,243,168,0.982971264007952,0.984759157049612,0.9838643977829853,0.9685668945311908,0.9682412432165165,1177,440,23,21,,,,,,
skeleton_graph_junction_fix_on_shared_skeleton,36,9,20,11,0.611615121846408,0.7350095031740601,0.9114470842332614,0.21428571428571427,0.44999999999999996,7,14,0.7871287128693388,0.7227272727256302,0.7535545018687922,0.6045627376414362,0.9873046874999397,15858,122,86,318,0.9923654568209641,0.994606121424925,0.9934845252485913,0.9873046874999397,0.9870534047055279,1177,440,25,25,325.0,15.0,4.0,67.0,29.0,False
baseline_on_shared_skeleton,37,13,15,2,0.7992563318106312,0.8529283007097848,0.9771929824561404,0.5333333333333333,0.8666666666666667,5,6,0.9038461538444157,0.865561694289382,0.8842897455004518,0.7925801011791019,0.9924926757811894,15791,73,50,470,0.9953983862833462,0.9968436336089264,0.9961204852277405,0.9924926757811894,0.9922709563905371,1224,543,41,34,,,,,,
skeleton_graph_junction_fix_on_shared_skeleton,37,13,18,5,0.7461603722146716,0.841110118891603,0.9771929824561404,0.39999999999999997,0.7222222222222222,5,9,0.8867562380021368,0.850828729280201,0.8684210521301603,0.7674418604638414,0.9914550781249395,15782,81,59,462,0.9948937779738388,0.9962754876585445,0.9955841529190642,0.9914550781249395,0.9912071347820003,1224,543,41,34,409.0,23.0,3.0,87.0,21.0,False
baseline_on_shared_skeleton,38,19,32,13,0.57459010501971,0.652792825969726,0.8135416666666666,0.23499999999999996,0.59375,23,40,0.7296587926499611,0.6219239373594833,0.6714975840434285,0.505454545454086,0.9667968749999409,15284,338,206,556,0.9783638458583421,0.9867010974821829,0.9825147847917945,0.9667968749999409,0.9656305281778516,2122,894,45,46,,,,,,
skeleton_graph_junction_fix_on_shared_skeleton,38,19,34,15,0.6662214338953464,0.7700635490737826,0.859375,0.36774193548387085,0.5588235294117647,23,31,0.7748756218895835,0.6968680089477663,0.733804475354486,0.5795348837203911,0.9724121093749406,15309,271,181,623,0.9826059050063554,0.9883150419624926,0.9854522041990074,0.9724121093749406,0.9713216166486281,2122,894,51,53,630.0,31.0,8.0,123.0,102.0,False
baseline_on_shared_skeleton,39,6,6,0,0.638802071772105,0.670104821802935,0.8529411764705882,0.26666666666666666,1.0,1,3,0.7543103448243349,0.6809338521374283,0.715746420766273,0.5573248407625563,0.9915161132811895,16070,82,57,175,0.9949232293213847,0.9964655546598253,0.9956937942271606,0.9915161132811895,0.9914245172434455,432,257,10,6,,,,,,
skeleton_graph_junction_fix_on_shared_skeleton,39,6,5,1,0.5151202367739549,0.609853249475891,0.7867647058823529,0.0,0.8333333333333334,1,1,0.7431192660516371,0.6303501945500765,0.6821052626583933,0.5175718849823719,0.9907836914061895,16071,95,56,162,0.9941234690089698,0.9965275624728097,0.995324063538585,0.9907836914061895,0.9906916533102582,432,257,9,5,205.0,10.0,2.0,26.0,14.0,False
baseline_on_shared_skeleton,40,2,2,0,1.0,1.0,1.0,1.0,1.0,0,0,0.9999999999866667,0.9999999999866667,0.9999999994866666,0.9999999999866667,0.9999999999999389,16309,0,0,75,0.9999999999999386,0.9999999999999386,0.9999999994999387,0.9999999999999389,0.9999999999999386,75,75,4,2,,,,,,
skeleton_graph_junction_fix_on_shared_skeleton,40,2,2,0,1.0,1.0,1.0,1.0,1.0,0,0,0.9999999999866667,0.9999999999866667,0.9999999994866666,0.9999999999866667,0.9999999999999389,16309,0,0,75,0.9999999999999386,0.9999999999999386,0.9999999994999387,0.9999999999999389,0.9999999999999386,75,75,4,2,71.0,4.0,0.0,0.0,0.0,False
baseline_on_shared_skeleton,41,13,17,4,0.5966293823981206,0.6332936507936507,0.8187403993855606,0.2857142857142857,0.7647058823529411,7,4,0.640776699027882,0.5229793977804708,0.57591622987061,0.40441176470538676,0.9703369140624407,15568,301,185,330,0.9810322011468283,0.9882562051672069,0.9846309526338385,0.9703369140624407,0.9697271707984945,1384,631,31,26,,,,,,
skeleton_graph_junction_fix_on_shared_skeleton,41,13,18,5,0.6144496287762417,0.6332936507936507,0.8417818740399385,0.35555555555555557,0.7222222222222222,7,9,0.6973180076614994,0.576862123612398,0.631396356832081,0.46134347274973214,0.9740600585936905,15595,267,158,364,0.9831673181187124,0.9899701644130647,0.9865570135755405,0.9740600585936905,0.9734706616728481,1384,631,32,27,442.0,25.0,13.0,104.0,47.0,False
baseline_on_shared_skeleton,42,1,1,0,0.9342105263157895,0.8771929824561404,0.9473684210526316,1.0,1.0,0,0,0.9999999999473684,0.9999999999473684,0.9999999994473685,0.9999999999473684,0.9999999999999389,16365,0,0,19,0.9999999999999388,0.9999999999999388,0.9999999994999389,0.9999999999999389,0.9999999999999388,66,19,2,1,,,,,,
skeleton_graph_junction_fix_on_shared_skeleton,42,1,1,0,0.9342105263157895,0.8771929824561404,0.9473684210526316,1.0,1.0,0,0,0.9999999999473684,0.9999999999473684,0.9999999994473685,0.9999999999473684,0.9999999999999389,16365,0,0,19,0.9999999999999388,0.9999999999999388,0.9999999994999389,0.9999999999999389,0.9999999999999388,66,19,2,1,17.0,2.0,0.0,0.0,0.0,False
baseline_on_shared_skeleton,43,15,17,2,0.8500044678322182,0.8536519120212556,0.9469525959367946,0.7529411764705882,0.8823529411764706,17,17,0.9585365853646848,0.9538834951444735,0.9562043790608835,0.9160839160828484,0.9956054687499392,15526,38,34,786,0.9975584682600233,0.9978149100256428,0.9976866721641178,0.9956054687499392,0.9953840235927045,2034,824,39,43,,,,,,
skeleton_graph_junction_fix_on_shared_skeleton,43,15,19,4,0.8092082234314011,0.8403642407883787,0.9446952595936795,0.6526315789473685,0.7894736842105263,17,19,0.9548780487793234,0.9502427184454487,0.9525547440243916,0.9094076655041703,0.9952392578124393,15523,41,37,783,0.9973657157542407,0.9976221079690876,0.9974938948861329,0.9952392578124393,0.9950003204922123,2034,824,40,44,713.0,23.0,0.0,21.0,67.0,False
baseline_on_shared_skeleton,44,18,25,7,0.5884855123050626,0.6324437241575394,0.8506056527590848,0.24705882352941178,0.72,12,17,0.7217675941068383,0.6753445635517988,0.6977848096260302,0.5358444714452785,0.9766845703124404,15561,212,170,441,0.9865593102135937,0.9891933125674789,0.987874555111924,0.9766845703124404,0.9760396412217917,1321,653,41,36,,,,,,
skeleton_graph_junction_fix_on_shared_skeleton,44,18,24,6,0.6424127257889225,0.6918451457811833,0.857335127860027,0.3384615384615385,0.75,12,13,0.7667210440444262,0.7197549770279943,0.7424960500522487,0.5904522613057909,0.9801025390624402,15588,183,143,470,0.9883964238158018,0.9909096688067516,0.9896514502014807,0.9801025390624402,0.9795148925473809,1321,653,43,38,547.0,28.0,8.0,40.0,30.0,False
baseline_on_shared_skeleton,45,2,2,0,0.9865830115830116,0.9761904761904763,0.9864864864864865,1.0,1.0,0,0,0.9999999999866667,0.9999999999866667,0.9999999994866666,0.9999999999866667,0.9999999999999389,16309,0,0,75,0.9999999999999386,0.9999999999999386,0.9999999994999387,0.9999999999999389,0.9999999999999386,182,75,4,2,,,,,,
skeleton_graph_junction_fix_on_shared_skeleton,45,2,2,0,0.9865830115830116,0.9761904761904763,0.9864864864864865,1.0,1.0,0,0,0.9999999999866667,0.9999999999866667,0.9999999994866666,0.9999999999866667,0.9999999999999389,16309,0,0,75,0.9999999999999386,0.9999999999999386,0.9999999994999387,0.9999999999999389,0.9999999999999386,182,75,4,2,71.0,4.0,0.0,0.0,0.0,False
baseline_on_shared_skeleton,46,4,4,0,0.9101936026936027,0.8267676767676768,0.9407407407407408,1.0,1.0,0,0,0.9999999999923664,0.9999999999923664,0.9999999994923665,0.9999999999923664,0.9999999999999389,16253,0,0,131,0.9999999999999385,0.9999999999999385,0.9999999994999385,0.9999999999999389,0.9999999999999385,425,131,8,4,,,,,,
skeleton_graph_junction_fix_on_shared_skeleton,46,4,4,0,0.9101936026936027,0.8267676767676768,0.9407407407407408,1.0,1.0,0,0,0.9999999999923664,0.9999999999923664,0.9999999994923665,0.9999999999923664,0.9999999999999389,16253,0,0,131,0.9999999999999385,0.9999999999999385,0.9999999994999385,0.9999999999999389,0.9999999999999385,425,131,8,4,123.0,8.0,0.0,0.0,0.0,False
baseline_on_shared_skeleton,47,16,29,13,0.6032071661786963,0.6788482474826786,0.9377652050919377,0.21999999999999992,0.5517241379310345,17,40,0.6505016722397149,0.6184419713821646,0.6340668291651372,0.46420047732641506,0.9725952148436906,15546,240,209,389,0.9847966552640957,0.9867343700411941,0.9857645599133681,0.9725952148436906,0.9719287277273541,1549,629,44,44,,,,,,
skeleton_graph_junction_fix_on_shared_skeleton,47,16,31,15,0.6294312986694619,0.7207109895437535,0.958981612446959,0.24680851063829784,0.5161290322580645,17,47,0.7471819645720658,0.7376788553247414,0.7423999994988327,0.5903307888033202,0.9803466796874402,15598,165,157,464,0.989532449406776,0.9900349095524601,0.9897836152115941,0.9803466796874402,0.9797738693466721,1549,629,46,47,493.0,29.0,4.0,48.0,55.0,False
baseline_on_shared_skeleton,48,1,1,0,0.9705882352941176,0.9450980392156862,0.9764705882352941,1.0,1.0,0,0,0.9999999999880952,0.9999999999880952,0.9999999994880953,0.9999999999880952,0.9999999999999389,16300,0,0,84,0.9999999999999386,0.9999999999999386,0.9999999994999387,0.9999999999999389,0.9999999999999386,260,84,2,1,,,,,,
skeleton_graph_junction_fix_on_shared_skeleton,48,1,1,0,0.9705882352941176,0.9450980392156862,0.9764705882352941,1.0,1.0,0,0,0.9999999999880952,0.9999999999880952,0.9999999994880953,0.9999999999880952,0.9999999999999389,16300,0,0,84,0.9999999999999386,0.9999999999999386,0.9999999994999387,0.9999999999999389,0.9999999999999386,260,84,2,1,82.0,2.0,0.0,0.0,0.0,False
baseline_on_shared_skeleton,49,15,15,0,0.5794749552153399,0.6249124977892196,0.8038216560509555,0.15,1.0,16,9,0.8361486486472363,0.8361486486472363,0.8361486481472362,0.7184325108842984,0.9881591796874397,15695,97,97,495,0.9938576494426928,0.9938576494426928,0.9938576489426928,0.9881591796874397,0.9877902951726988,1102,592,26,24,,,,,,
skeleton_graph_junction_fix_on_shared_skeleton,49,15,15,0,0.587286147553458,0.6503474899630982,0.8012738853503185,0.1375,1.0,16,10,0.8124999999986275,0.8124999999986275,0.8124999994986275,0.6842105263148162,0.9864501953124397,15681,111,111,481,0.9929711246199979,0.9929711246199979,0.9929711241199979,0.9864501953124397,0.9860403697414961,1102,592,27,25,529.0,18.0,0.0,21.0,24.0,False
baseline_on_shared_skeleton,50,14,20,6,0.5967639643335315,0.6081968335923712,0.8683181225554106,0.3176470588235294,0.7,11,17,0.7679999999987712,0.7582938388613614,0.7631160567325114,0.6169665809760707,0.98181152343744,15606,153,145,480,0.9902912621358595,0.9907942352865855,0.9905426843618856,0.98181152343744,0.9812625754526546,1226,633,34,34,,,,,,
skeleton_graph_junction_fix_on_shared_skeleton,50,14,20,6,0.5933054771576963,0.6114741445167409,0.8657105606258149,0.3,0.7,11,18,0.7983999999987226,0.7883096366496235,0.793322733997964,0.6574440052692261,0.9841308593749399,15625,134,126,499,0.99149692239349,0.992000507904197,0.9917486507217713,0.9841308593749399,0.9836323575699727,1226,633,33,33,534.0,20.0,3.0,33.0,43.0,False
baseline_on_shared_skeleton,51,18,21,3,0.6958093054602339,0.7175315076196919,0.9552599758162031,0.38461538461538464,0.8571428571428572,13,13,0.667525773195016,0.6491228070167304,0.6581956792959576,0.4905303030298385,0.9671630859374409,15328,280,258,518,0.9820604818041401,0.9834466829205066,0.9827530930435674,0.9671630859374409,0.9660910122273436,1728,798,41,40,,,,,,
skeleton_graph_junction_fix_on_shared_skeleton,51,18,22,4,0.765093513582816,0.8407698747632999,0.9770253929866989,0.43809523809523804,0.8181818181818181,13,21,0.8095838587631657,0.8045112781944805,0.8070395972362625,0.6765015806104568,0.98126220703119,15435,156,151,642,0.9899942274388436,0.9903118182984094,0.9901529969018674,0.98126220703119,0.9804980307457133,1728,798,45,44,675.0,29.0,5.0,33.0,56.0,False
baseline_on_shared_skeleton,52,1,1,0,0.9264705882352942,0.8627450980392158,0.9411764705882353,1.0,1.0,0,0,0.9999999999411765,0.9999999999411765,0.9999999994411766,0.9999999999411765,0.9999999999999389,16367,0,0,17,0.9999999999999388,0.9999999999999388,0.9999999994999389,0.9999999999999389,0.9999999999999388,60,17,2,1,,,,,,
skeleton_graph_junction_fix_on_shared_skeleton,52,1,1,0,0.9264705882352942,0.8627450980392158,0.9411764705882353,1.0,1.0,0,0,0.9999999999411765,0.9999999999411765,0.9999999994411766,0.9999999999411765,0.9999999999999389,16367,0,0,17,0.9999999999999388,0.9999999999999388,0.9999999994999389,0.9999999999999389,0.9999999999999388,60,17,2,1,15.0,2.0,0.0,0.0,0.0,False
baseline_on_shared_skeleton,53,18,20,2,0.5714813078362914,0.5649705017621061,0.7678018575851393,0.29473684210526313,0.9,15,19,0.5736766809719976,0.5546334716451526,0.5639943736203056,0.39275220372145664,0.9621582031249413,15363,322,298,401,0.9794708320050379,0.980971840878553,0.9802207613196275,0.9621582031249413,0.961208784333294,2001,723,37,36,,,,,,
skeleton_graph_junction_fix_on_shared_skeleton,53,18,29,11,0.5072904763306683,0.568271170687331,0.7636738906088751,0.14705882352941177,0.6206896551724138,15,34,0.6489208633084188,0.6237897648677403,0.636107192729199,0.4663908996892798,0.9685058593749408,15417,272,244,451,0.98266301230155,0.9844198965582667,0.9835406693563968,0.9685058593749408,0.9676143852381242,2001,723,42,42,560.0,21.0,8.0,91.0,43.0,False
baseline_on_shared_skeleton,54,16,24,8,0.6036530300844313,0.6006170272951865,0.8335435056746532,0.4,0.6666666666666667,18,19,0.6578512396683341,0.5852941176461981,0.619455252419027,0.4487034949262134,0.9701538085936907,15497,282,207,398,0.9821281450027897,0.9868186449311649,0.984467807523318,0.9701538085936907,0.9694107343925329,1506,680,39,40,,,,,,
skeleton_graph_junction_fix_on_shared_skeleton,54,16,26,10,0.6775733798509846,0.7201386568460558,0.8940731399747793,0.45263157894736833,0.6153846153846154,18,19,0.8325652841769086,0.7970588235282396,0.814425243676324,0.6869455006328429,0.9849243164061898,15595,138,109,542,0.9912286277251007,0.9930590932245928,0.9921430156910497,0.9849243164061898,0.9844085342759131,1506,680,41,42,518.0,21.0,8.0,90.0,43.0,False
baseline_on_shared_skeleton,55,8,7,1,0.6791396765857158,0.638255328499231,0.855457227138643,0.5333333333333333,0.875,3,2,0.9131944444412736,0.8167701863328672,0.8622950814659393,0.7579250720439253,0.9948730468749393,16037,59,25,263,0.9963344930416875,0.9984435313160878,0.9973878967572305,0.9948730468749393,0.9947894051236899,768,322,16,12,,,,,,
skeleton_graph_junction_fix_on_shared_skeleton,55,8,7,1,0.6750098830753914,0.638255328499231,0.8348082595870207,0.5333333333333333,0.875,3,3,0.9113475177272647,0.7981366459602542,0.8509933769828187,0.7406340057615544,0.9945068359374393,16037,65,25,257,0.9959632343807604,0.9984435313160878,0.9972018400670323,0.9945068359374393,0.9944192968313391,768,322,15,11,252.0,13.0,0.0,33.0,24.0,False
baseline_on_shared_skeleton,56,10,15,5,0.5973334790464534,0.7125929163995259,0.8568181818181818,0.15454545454545457,0.6666666666666667,6,22,0.6929824561383247,0.6045918367331515,0.6457765662580537,0.4768611670010526,0.9841308593749399,15887,155,105,237,0.9903378631092762,0.9934342171084921,0.9918836231498112,0.9841308593749399,0.9838979376973441,1082,392,19,16,,,,,,
skeleton_graph_junction_fix_on_shared_skeleton,56,10,14,4,0.561259231588485,0.6541691437897069,0.9090909090909091,0.05454545454545454,0.7142857142857143,6,11,0.6267029972734968,0.5867346938760543,0.6060606055595515,0.43478260869483026,0.98175048828119,15855,162,137,230,0.9898857463943941,0.9914332166082421,0.9906588766907284,0.98175048828119,0.9814906524699157,1082,392,20,17,268.0,15.0,0.0,70.0,39.0,False
baseline_on_shared_skeleton,57,10,12,2,0.6407022026289296,0.6878894614382163,0.9613152804642167,0.2222222222222222,0.8333333333333334,5,9,0.8493975903597402,0.8426294820700346,0.845999999498316,0.7331022530316584,0.9906005859374395,15807,79,75,423,0.9950270678584291,0.9952776728371114,0.9951523540705745,0.9906005859374395,0.9903514817366712,1332,502,21,17,,,,,,
skeleton_graph_junction_fix_on_shared_skeleton,57,10,12,2,0.6467959526289296,0.701431128104883,0.9613152804642167,0.2222222222222222,0.8333333333333334,5,9,0.8493975903597402,0.8426294820700346,0.845999999498316,0.7331022530316584,0.9906005859374395,15807,79,75,423,0.9950270678584291,0.9952776728371114,0.9951523540705745,0.9906005859374395,0.9903514817366712,1332,502,21,17,453.0,16.0,1.0,14.0,18.0,False
baseline_on_shared_skeleton,58,17,23,6,0.6323180596614001,0.7023437413086757,0.9390243902439024,0.21818181818181817,0.7391304347826086,4,11,0.6849315068481423,0.6600660065995708,0.6722689070620663,0.5063291139234097,0.9761962890624404,15594,206,184,400,0.9869620253163932,0.9883381924197624,0.9876496289888224,0.9761962890624404,0.9756006006005395,1669,606,38,27,,,,,,
skeleton_graph_junction_fix_on_shared_skeleton,58,17,22,5,0.6100119296524749,0.6907754632829078,0.9344512195121951,0.13999999999999999,0.7727272727272727,4,10,0.7128027681648568,0.679867986797558,0.6959459454450501,0.5336787564759926,0.9780273437499403,15612,194,166,412,0.987726179931609,0.9894790214221707,0.9886018232081444,0.9780273437499403,0.9774605559728914,1669,606,37,26,520.0,31.0,1.0,39.0,15.0,False
baseline_on_shared_skeleton,59,3,3,0,0.9702417057255767,0.9421009098428452,0.9814814814814815,1.0,1.0,0,0,0.9999999999888889,0.9999999999888889,0.9999999994888888,0.9999999999888889,0.9999999999999389,16294,0,0,90,0.9999999999999386,0.9999999999999386,0.9999999994999387,0.9999999999999389,0.9999999999999386,252,90,6,3,,,,,,
skeleton_graph_junction_fix_on_shared_skeleton,59,3,3,0,0.9702417057255767,0.9421009098428452,0.9814814814814815,1.0,1.0,0,0,0.9999999999888889,0.9999999999888889,0.9999999994888888,0.9999999999888889,0.9999999999999389,16294,0,0,90,0.9999999999999386,0.9999999999999386,0.9999999994999387,0.9999999999999389,0.9999999999999386,252,90,6,3,84.0,6.0,0.0,0.0,0.0,False
baseline_on_shared_skeleton,60,4,4,0,0.9793927648578811,0.95679012345679,0.9941860465116279,1.0,1.0,0,0,0.9999999999931508,0.9999999999931508,0.9999999994931508,0.9999999999931508,0.9999999999999389,16238,0,0,146,0.9999999999999384,0.9999999999999384,0.9999999994999385,0.9999999999999389,0.9999999999999384,469,146,8,4,,,,,,
skeleton_graph_junction_fix_on_shared_skeleton,60,4,4,0,0.9793927648578811,0.95679012345679,0.9941860465116279,1.0,1.0,0,0,0.9999999999931508,0.9999999999931508,0.9999999994931508,0.9999999999931508,0.9999999999999389,16238,0,0,146,0.9999999999999384,0.9999999999999384,0.9999999994999385,0.9999999999999389,0.9999999999999384,469,146,8,4,138.0,8.0,0.0,0.0,0.0,False
baseline_on_shared_skeleton,61,18,21,3,0.4982981112589099,0.4492955148061503,0.7436708860759493,0.24666666666666665,0.8571428571428572,28,30,0.6237188872611659,0.5188794153465056,0.5664893612055839,0.39517625231874287,0.9602050781249414,15306,395,257,426,0.9748423667281717,0.9834864743300787,0.9791453423863339,0.9602050781249414,0.9591427497179497,1871,821,35,39,,,,,,
skeleton_graph_junction_fix_on_shared_skeleton,61,18,23,5,0.5785849862918515,0.5902655008364959,0.7985232067510548,0.29999999999999993,0.782608695652174,28,30,0.7289972899719119,0.6552984165643663,0.690186016177889,0.5269343780602087,0.9705200195311907,15363,283,200,538,0.9819123098554914,0.9871490072607474,0.9845236945878958,0.9705200195311907,0.9695191215448081,1871,821,40,46,605.0,24.0,5.0,89.0,98.0,False
baseline_on_shared_skeleton,62,20,28,8,0.6643334186492531,0.7263417692658458,0.9219219219219219,0.3266666666666666,0.7142857142857143,23,30,0.6845102505686965,0.6633554083877888,0.6737668156428656,0.5080304311069247,0.9644775390624412,15201,305,277,601,0.9803301947632542,0.9821036309600089,0.9812161110413777,0.9644775390624412,0.9631248812012315,2149,906,51,53,,,,,,
skeleton_graph_junction_fix_on_shared_skeleton,62,20,26,6,0.7173593351159053,0.7762887432840203,0.9229229229229229,0.42608695652173906,0.7692307692307692,23,18,0.8737201365177774,0.8476821192043624,0.8605042011798225,0.7551622418871631,0.9848022460936898,15367,138,111,768,0.9910996452756535,0.9928285308178709,0.991963334231886,0.9848022460936898,0.9840548155737074,2149,906,56,59,721.0,32.0,4.0,76.0,73.0,False
baseline_on_shared_skeleton,63,7,6,1,0.708092503251808,0.8332791558553884,0.8203463203463204,0.3333333333333333,0.8571428571428572,3,1,0.8072289156602193,0.7813411078694422,0.794074073571854,0.6584766584750407,0.9915161132811895,15977,75,64,268,0.995327685023611,0.9960102238014465,0.9956688369411245,0.9915161132811895,0.9913750310250067,937,343,22,19,,,,,,
skeleton_graph_junction_fix_on_shared_skeleton,63,7,6,1,0.7010725032518079,0.8176791558553883,0.8203463203463204,0.3333333333333333,0.8571428571428572,3,1,0.8042168674674572,0.7784256559744069,0.7911111106088998,0.6544117647042784,0.9913940429686895,15976,76,65,267,0.9952653874905933,0.9959478835483451,0.9956065180553861,0.9913940429686895,0.9912514735992436,937,343,22,19,278.0,10.0,0.0,50.0,5.0,False
baseline_on_shared_skeleton,64,15,17,2,0.8053332038708169,0.8250229277245656,0.9625212947189097,0.6133333333333333,0.8823529411764706,15,13,0.8850574712626723,0.8833652007631293,0.8842105258140975,0.79245283018732,0.9926147460936894,15801,61,60,462,0.9961543311057246,0.9962171363721709,0.9961857322490467,0.9926147460936894,0.9924004522044345,1387,523,41,43,,,,,,
skeleton_graph_junction_fix_on_shared_skeleton,64,15,30,15,0.6583255010116387,0.7941093778942077,0.9471890971039182,0.2461538461538461,0.5,15,26,0.8069498069482491,0.7992351816428314,0.8030739668375657,0.6709470304965154,0.9874877929686897,15761,105,100,418,0.993382074877033,0.9936952272869937,0.993538625906468,0.9874877929686897,0.9871602154577861,1387,523,44,46,409.0,24.0,2.0,40.0,48.0,False
baseline_on_shared_skeleton,65,7,7,0,0.9833304428059171,0.9686728668284402,0.9871382636655949,1.0,1.0,2,2,0.9999999999967949,0.9999999999967949,0.999999999496795,0.9999999999967949,0.9999999999999389,16072,0,0,312,0.9999999999999377,0.9999999999999377,0.9999999994999378,0.9999999999999389,0.9999999999999377,618,312,16,11,,,,,,
skeleton_graph_junction_fix_on_shared_skeleton,65,7,7,0,0.9833304428059171,0.9686728668284402,0.9871382636655949,1.0,1.0,2,2,0.9999999999967949,0.9999999999967949,0.999999999496795,0.9999999999967949,0.9999999999999389,16072,0,0,312,0.9999999999999377,0.9999999999999377,0.9999999994999378,0.9999999999999389,0.9999999999999377,618,312,16,11,288.0,14.0,0.0,0.0,10.0,False
baseline_on_shared_skeleton,66,11,12,1,0.6451468729672971,0.6024414435934294,0.8494077834179357,0.45000000000000007,0.9166666666666666,8,7,0.6834381551348355,0.6037037037025857,0.6411012777700777,0.4717800289428773,0.9777221679686903,15693,214,151,326,0.9865468032940852,0.9904695783892331,0.9885042985771341,0.9777221679686903,0.9772698966246745,1585,540,23,21,,,,,,
skeleton_graph_junction_fix_on_shared_skeleton,66,11,12,1,0.7107773750894416,0.6326637664142132,0.8595600676818951,0.6499999999999999,0.9166666666666666,8,8,0.745302713985918,0.6611111111098869,0.7006869474886404,0.5392749244704845,0.98138427734369,15722,183,122,357,0.9884941842187369,0.9922999242614875,0.9903933977172061,0.98138427734369,0.9809696137766905,1585,540,24,22,396.0,16.0,4.0,82.0,42.0,False
baseline_on_shared_skeleton,67,15,28,13,0.6020711268691966,0.6568230167719629,0.8822937625754528,0.30588235294117644,0.5357142857142857,24,34,0.5878136200709823,0.562929061784253,0.5751022788683517,0.4036095159963875,0.9556274414061916,15165,382,345,492,0.9754293432815992,0.9777562862668615,0.976591428163363,0.9556274414061916,0.9542537125597185,2103,874,40,48,,,,,,
skeleton_graph_junction_fix_on_shared_skeleton,67,15,35,20,0.6222291502372683,0.7750715969949581,0.8873239436619719,0.21249999999999994,0.4285714285714286,24,48,0.764565992864727,0.7356979405025907,0.7498542269045585,0.5998134328352613,0.9738159179686905,15312,231,198,643,0.9851380042462211,0.9872340425531279,0.9861849091705003,0.9738159179686905,0.9727463312368354,2103,874,45,54,688.0,21.0,8.0,78.0,79.0,False
baseline_on_shared_skeleton,68,2,2,0,0.9855837097684924,0.9734848484848484,0.9875776397515528,1.0,1.0,0,0,0.9999999999937889,0.9999999999937889,0.9999999994937889,0.9999999999937889,0.9999999999999389,16223,0,0,161,0.9999999999999384,0.9999999999999384,0.9999999994999385,0.9999999999999389,0.9999999999999384,343,161,4,2,,,,,,
skeleton_graph_junction_fix_on_shared_skeleton,68,2,2,0,0.9855837097684924,0.9734848484848484,0.9875776397515528,1.0,1.0,0,0,0.9999999999937889,0.9999999999937889,0.9999999994937889,0.9999999999937889,0.9999999999999389,16223,0,0,161,0.9999999999999384,0.9999999999999384,0.9999999994999385,0.9999999999999389,0.9999999999999384,343,161,4,2,157.0,4.0,0.0,0.0,0.0,False
baseline_on_shared_skeleton,69,17,17,0,0.5910315207249482,0.6176841810014858,0.8153681963713981,0.2,1.0,21,7,0.7169811320745054,0.6666666666658313,0.6909090904088547,0.5277777777772542,0.9709472656249407,15376,266,210,532,0.9829945019817808,0.9865263698190051,0.9847572686173972,0.9709472656249407,0.9699722432500019,1785,798,40,40,,,,,,
skeleton_graph_junction_fix_on_shared_skeleton,69,17,19,2,0.6145678444406626,0.6624008617899513,0.8612593383137673,0.21904761904761902,0.8947368421052632,21,8,0.8647959183662439,0.8496240601493112,0.8571428566418127,0.7499999999991703,0.9862060546874398,15480,120,106,678,0.9923076923076287,0.9931990247657517,0.9927531579684801,0.9862060546874398,0.9856105946771306,1785,798,40,40,675.0,21.0,5.0,63.0,34.0,False
baseline_on_shared_skeleton,70,9,9,0,0.8012933320796128,0.9357991223233156,0.984251968503937,0.3333333333333333,1.0,6,2,0.9570552147219692,0.9590163934406578,0.9580347999074559,0.9194499017663665,0.997497558593689,15875,20,21,468,0.9987417426863165,0.9986789129340086,0.9987103263219936,0.997497558593689,0.9974239758732724,939,488,20,17,,,,,,
skeleton_graph_junction_fix_on_shared_skeleton,70,9,9,0,0.8012933320796128,0.9357991223233156,0.984251968503937,0.3333333333333333,1.0,6,2,0.9591002044970162,0.9610655737685224,0.9600818828143094,0.9232283464548755,0.997619628906189,15876,19,20,469,0.9988046555519975,0.99874182184191,0.9987732372087226,0.997619628906189,0.9975494816210495,939,488,20,17,447.0,14.0,1.0,16.0,10.0,False
baseline_on_shared_skeleton,71,19,31,12,0.5973284852752988,0.7060901386220906,0.8719758064516129,0.175609756097561,0.6129032258064516,21,41,0.6428571428563373,0.570634037819165,0.604596345994871,0.4332770270266611,0.9590454101561915,15200,386,285,513,0.9752341845245107,0.9815950920244765,0.9784042993293651,0.9590454101561915,0.9577216306470319,2530,899,42,43,,,,,,
skeleton_graph_junction_fix_on_shared_skeleton,71,19,26,7,0.6535311377071357,0.7059675498353589,0.8971774193548387,0.3333333333333333,0.7307692307692308,21,20,0.7206572769944594,0.6829810900993515,0.7013135346223461,0.5400175901490413,0.9680786132811909,15247,285,238,614,0.9816507854750849,0.9846302873748153,0.9831382785082234,0.9680786132811909,0.9668357641090065,2530,899,47,48,683.0,29.0,8.0,113.0,66.0,False
baseline_on_shared_skeleton,72,3,3,0,0.9521133645194316,0.9052199258081611,0.9738219895287958,1.0,1.0,1,1,0.8749999999947917,0.8698224852019538,0.8724035603256874,0.7736842105222438,0.997375488281189,16194,22,21,147,0.9986433152441416,0.9987049028676535,0.9986741076063798,0.997375488281189,0.9973517275358134,422,169,7,5,,,,,,
skeleton_graph_junction_fix_on_shared_skeleton,72,3,3,0,0.9521133645194316,0.9052199258081611,0.9738219895287958,1.0,1.0,1,1,0.8690476190424462,0.8639053254386752,0.8664688422248326,0.7643979057551603,0.9972534179686892,16193,23,22,146,0.9985816477552418,0.99864323157564,0.9986124382159818,0.9972534179686892,0.9972287227490456,422,169,7,5,156.0,6.0,0.0,5.0,2.0,False
baseline_on_shared_skeleton,73,14,14,0,0.7587086730473827,0.7715628815628814,0.9741935483870968,0.4666666666666667,1.0,9,7,0.9110378912670329,0.9006514657965787,0.9058149053134384,0.8278443113760062,0.9929809570311894,15716,61,54,553,0.9961336122202575,0.9965757767913128,0.9963546449495834,0.9929809570311894,0.9927357715873291,1116,614,30,25,,,,,,
skeleton_graph_junction_fix_on_shared_skeleton,73,14,14,0,0.8791026822639725,0.9272771672771672,0.9758064516129032,0.6666666666666666,1.0,9,6,0.9999999999983606,0.9934853420179259,0.9967320256421675,0.9934853420179259,0.9997558593749389,15770,4,0,610,0.9997464181563966,0.9999999999999366,0.9998731925001902,0.9997558593749389,0.9997464181563966,1116,614,31,26,549.0,24.0,1.0,8.0,32.0,False
baseline_on_shared_skeleton,74,6,7,1,0.7621130660271594,0.7896437044719579,0.9802955665024631,0.5,0.8571428571428572,2,1,0.8737113402039337,0.8453865336637273,0.8593155888515697,0.7533333333316593,0.9932250976561894,15934,62,49,339,0.9961240310076896,0.9969342426327349,0.9965289716379032,0.9932250976561894,0.993081956995887,919,401,24,21,,,,,,
skeleton_graph_junction_fix_on_shared_skeleton,74,6,7,1,0.7621130660271594,0.7896437044719579,0.9802955665024631,0.5,0.8571428571428572,2,1,0.8737113402039337,0.8453865336637273,0.8593155888515697,0.7533333333316593,0.9932250976561894,15934,62,49,339,0.9961240310076896,0.9969342426327349,0.9965289716379032,0.9932250976561894,0.993081956995887,919,401,24,21,327.0,10.0,2.0,56.0,6.0,False
baseline_on_shared_skeleton,75,10,13,3,0.6871194079886298,0.8421446662984924,0.9617117117117118,0.15555555555555556,0.7692307692307692,4,9,0.9395348837187453,0.9244851258560081,0.9319492497862334,0.8725701943825647,0.9963989257811892,15921,33,26,404,0.9979315532154319,0.9983695992976109,0.9981505276965456,0.9963989257811892,0.9963078848560077,1163,437,21,16,,,,,,
skeleton_graph_junction_fix_on_shared_skeleton,75,10,13,3,0.6755578464270682,0.8421446662984924,0.9594594594594594,0.1111111111111111,0.7692307692307692,4,9,0.9395348837187453,0.9244851258560081,0.9319492497862334,0.8725701943825647,0.9963989257811892,15921,33,26,404,0.9979315532154319,0.9983695992976109,0.9981505276965456,0.9963989257811892,0.9963078848560077,1163,437,21,16,390.0,16.0,3.0,18.0,10.0,False
baseline_on_shared_skeleton,76,6,6,0,0.9926003344481605,0.985042735042735,0.9966555183946488,1.0,1.0,0,0,0.9999999999965399,0.9999999999965399,0.9999999994965398,0.9999999999965399,0.9999999999999389,16095,0,0,289,0.9999999999999378,0.9999999999999378,0.9999999994999378,0.9999999999999389,0.9999999999999378,404,289,12,6,,,,,,
skeleton_graph_junction_fix_on_shared_skeleton,76,6,6,0,0.9926003344481605,0.985042735042735,0.9966555183946488,1.0,1.0,0,0,0.9999999999965399,0.9999999999965399,0.9999999994965398,0.9999999999965399,0.9999999999999389,16095,0,0,289,0.9999999999999378,0.9999999999999378,0.9999999994999378,0.9999999999999389,0.9999999999999378,404,289,12,6,277.0,12.0,0.0,0.0,0.0,False
baseline_on_shared_skeleton,77,13,14,1,0.6925490499798309,0.7463430027465596,0.8941877794336811,0.34,0.9285714285714286,10,6,0.9090909090893498,0.895270270268758,0.9021276590729619,0.8217054263553152,0.9929809570311894,15739,62,53,530,0.9960761977089427,0.9966438703140199,0.9963599526541167,0.9929809570311894,0.9927463100794126,1411,592,31,29,,,,,,
skeleton_graph_junction_fix_on_shared_skeleton,77,13,12,1,0.7148087100535626,0.7623718592729889,0.8971684053651267,0.4,0.9230769230769231,10,5,0.9280821917792328,0.915540540538994,0.9217687069814487,0.8548895899040144,0.9943847656249393,15750,50,42,542,0.9968354430379116,0.9973404255318518,0.99708786984686,0.9943847656249393,0.9941926524428106,1411,592,31,29,509.0,17.0,2.0,41.0,23.0,False
baseline_on_shared_skeleton,78,3,3,0,0.9441101694915254,0.8833333333333333,0.9830508474576272,1.0,1.0,0,0,0.9999999999915966,0.9999999999915966,0.9999999994915967,0.9999999999915966,0.9999999999999389,16265,0,0,119,0.9999999999999385,0.9999999999999385,0.9999999994999385,0.9999999999999389,0.9999999999999385,151,119,6,3,,,,,,
skeleton_graph_junction_fix_on_shared_skeleton,78,3,3,0,0.9441101694915254,0.8833333333333333,0.9830508474576272,1.0,1.0,0,0,0.9999999999915966,0.9999999999915966,0.9999999994915967,0.9999999999915966,0.9999999999999389,16265,0,0,119,0.9999999999999385,0.9999999999999385,0.9999999994999385,0.9999999999999389,0.9999999999999385,151,119,6,3,113.0,6.0,0.0,0.0,0.0,False
baseline_on_shared_skeleton,79,5,5,0,0.9920200760275599,0.9859098228663445,0.9918032786885246,1.0,1.0,0,0,0.9999999999957627,0.9999999999957627,0.9999999994957627,0.9999999999957627,0.9999999999999389,16148,0,0,236,0.999999999999938,0.999999999999938,0.999999999499938,0.9999999999999389,0.999999999999938,386,236,10,5,,,,,,
skeleton_graph_junction_fix_on_shared_skeleton,79,5,5,0,0.9920200760275599,0.9859098228663445,0.9918032786885246,1.0,1.0,0,0,0.9999999999957627,0.9999999999957627,0.9999999994957627,0.9999999999957627,0.9999999999999389,16148,0,0,236,0.999999999999938,0.999999999999938,0.999999999499938,0.9999999999999389,0.999999999999938,386,236,10,5,226.0,10.0,0.0,0.0,0.0,False
