sample,method,ml_threshold,true_vectors,pred_segments,pred_polylines,vector_count_error,engineering_score,line_geometry_score,total_length_score,junction_angle_score,vector_count_score,true_junctions,pred_junctions,pixel_precision,pixel_recall,pixel_f1,pixel_iou,pixel_accuracy,time_ms
0,Baseline junction graph,,1,1,1,0,1.0,1.0,1.0,1.0,1.0,0,0,0.9999999999903846,0.9999999999903846,0.9999999994903845,0.9999999999903846,0.9999999999999389,3.3620999893173575
0,MLP junction cleanup 0.95,0.95,1,1,1,0,1.0,1.0,1.0,1.0,1.0,0,0,0.9999999999903846,0.9999999999903846,0.9999999994903845,0.9999999999903846,0.9999999999999389,3.0734999891137704
0,CNN junction cleanup 0.95,0.95,1,1,1,0,1.0,1.0,1.0,1.0,1.0,0,0,0.9999999999903846,0.9999999999903846,0.9999999994903845,0.9999999999903846,0.9999999999999389,6.599400003324263
0,Hough Transform,,1,1,1,0,1.0,1.0,1.0,1.0,1.0,0,0,0.9999999999903846,0.9999999999903846,0.9999999994903845,0.9999999999903846,0.9999999999999389,1.7103999998653308
0,Contour,,1,2,1,1,0.8388442867811801,0.977346278317152,0.4951923076923077,1.0,0.5,0,0,0.9904761904667574,0.9999999999903846,0.9952153104952726,0.9904761904667574,0.9999389648436889,2.9463999962899834
0,Skeletonisation,,1,1,1,0,1.0,1.0,1.0,1.0,1.0,0,0,0.9999999999903846,0.9999999999903846,0.9999999994903845,0.9999999999903846,0.9999999999999389,0.949399996898137
0,Run-graph,,1,1,1,0,1.0,1.0,1.0,1.0,1.0,0,0,0.9999999999903846,0.9999999999903846,0.9999999994903845,0.9999999999903846,0.9999999999999389,6.015899998601526
0,Sparse pixel,,1,1,1,0,1.0,1.0,1.0,1.0,1.0,0,0,0.9999999999903846,0.9999999999903846,0.9999999994903845,0.9999999999903846,0.9999999999999389,0.934299998334609
0,Mesh pattern,,1,7,7,6,0.7470769764216367,0.65,0.9514563106796117,1.0,0.1428571428571429,0,0,0.9793814432888723,0.9134615384527551,0.9452736313319966,0.8962264150858846,0.9993286132811889,1.0492000001249835
1,Baseline junction graph,,16,18,18,2,0.720825026365801,0.6500090360164988,0.9721603563474388,0.5799999999999998,0.8888888888888888,18,20,0.7174151150046907,0.8106435643554324,0.7611853568513544,0.614446529080099,0.9749145507811905,15.542799999821
1,MLP junction cleanup 0.95,0.95,16,20,20,4,0.57388075771704,0.5816063911213166,0.8552338530066815,0.24444444444444446,0.8,18,16,0.5233415233408805,0.5272277227716248,0.525277434764464,0.35618729096960183,0.9530029296874418,21.616899990476668
1,CNN junction cleanup 0.95,0.95,16,21,21,5,0.5972303030754109,0.561479249053876,0.8418708240534521,0.39999999999999997,0.7619047619047619,18,17,0.5224999999993469,0.5173267326726271,0.5199004970118035,0.3512605042013855,0.9528808593749418,28.312099995673634
1,Hough Transform,,16,16,16,0,0.6098208209601584,0.7372685185185186,0.6124721603563474,0.2222222222222222,1.0,18,4,0.9999999999982206,0.6955445544545847,0.8204379557193031,0.6955445544545847,0.9849853515624398,0.8068000024650246
1,Contour,,16,53,7,37,0.5227187550130385,0.6535271595800515,0.7829119442022667,0.16744186046511625,0.30188679245283023,18,43,0.49288061336200123,0.5569306930686176,0.5229517717267037,0.3540519276157718,0.949890136718692,6.627700000535697
1,Skeletonisation,,16,66,65,50,0.5390613810642494,0.7667221559663422,0.6614699331848553,0.15,0.24242424242424243,18,120,0.9879518072272152,0.7103960396030812,0.8264938800017249,0.7042944785267432,0.9852905273436898,3.560299999662675
1,Run-graph,,16,13,13,3,0.633795007423905,0.7615740740740741,0.6325167037861915,0.3333333333333333,0.8125,18,6,0.9999999999982608,0.7116336633654559,0.8315256683488532,0.7116336633654559,0.9857788085936898,4.3584999948507175
1,Sparse pixel,,16,65,65,49,0.5319133216364506,0.7542577685019547,0.6503340757238307,0.15126050420168066,0.24615384615384617,18,119,0.9394463667803816,0.6720297029694653,0.7835497830624217,0.6441281138782394,0.98168945312494,4.050499992445111
1,Mesh pattern,,16,34,34,18,0.42357218655836504,0.6011111111111112,0.5300668151447662,0.0,0.47058823529411764,18,0,0.6296296296284023,0.39975247524703,0.4890234665945957,0.32364729458885405,0.9588012695311915,1.560300006531179
2,Baseline junction graph,,12,11,11,1,0.8673879613851144,0.8885329683375163,0.9544072948328267,0.74,0.9166666666666666,10,8,0.817764165389253,0.8682926829254174,0.842271292874515,0.7275204359663113,0.9877929687499397,12.977799997315742
2,MLP junction cleanup 0.95,0.95,12,15,15,3,0.5129810545841738,0.5610994053238308,0.8024316109422492,0.08,0.8,10,4,0.48648648648560994,0.43902439024318857,0.46153846103898755,0.29999999999966664,0.9615478515624413,14.88569998764433
2,CNN junction cleanup 0.95,0.95,12,14,14,2,0.49822207805725444,0.5399193764325343,0.7477203647416413,0.08,0.8571428571428572,10,1,0.49427480915936206,0.42113821138142904,0.45478489853663356,0.29431818181784736,0.9620971679686913,24.491299991495907
2,Hough Transform,,12,18,18,6,0.5769745104186594,0.7576243201243202,0.7218844984802432,0.1,0.6666666666666667,10,1,0.9878787878767922,0.7951219512182194,0.8810810805853372,0.787439613525302,0.9919433593749394,0.7904999947641045
2,Contour,,12,37,8,25,0.5272784400892943,0.7325282545902778,0.656686626746507,0.13548387096774195,0.32432432432432434,10,31,0.5708154506429602,0.6487804878038231,0.6073059355741782,0.43606557377001526,0.9685058593749408,2.375299998675473
2,Skeletonisation,,12,45,45,33,0.5770903865878354,0.8398622744776592,0.770516717325228,0.07352941176470588,0.2666666666666667,10,68,0.999999999998004,0.8146341463401389,0.8978494618691999,0.8146341463401389,0.9930419921874394,3.7862000026507303
2,Run-graph,,12,12,12,0,0.7639571864305907,0.861985236985237,0.7553191489361702,0.5,1.0,10,7,0.999999999998004,0.8146341463401389,0.8978494618691999,0.8146341463401389,0.9930419921874394,6.588499993085861
2,Sparse pixel,,12,45,45,33,0.5770903865878354,0.8398622744776592,0.770516717325228,0.07352941176470588,0.2666666666666667,10,68,0.999999999998004,0.8146341463401389,0.8978494618691999,0.8146341463401389,0.9930419921874394,3.5399000043980777
2,Mesh pattern,,12,29,29,17,0.41790856566397655,0.5625,0.6170212765957447,0.0,0.4137931034482759,10,0,0.5966981132061399,0.4113821138204693,0.4870067367633126,0.3218829516535345,0.9674682617186909,1.1770999990403652
3,Baseline junction graph,,14,18,18,4,0.5853611087800521,0.5135081668574524,0.9266409266409267,0.36470588235294116,0.7777777777777778,17,13,0.5687263556108844,0.6415362731143079,0.6029411759715918,0.43157894736800806,0.9637451171874412,14.467599990894087
3,MLP junction cleanup 0.95,0.95,14,18,18,4,0.7291560268570072,0.7859969704305214,0.8854568854568855,0.48235294117647054,0.7777777777777778,17,12,0.8101092896163796,0.8435277382633805,0.8264808357359861,0.7042755344409688,0.9848022460936898,8.443099999567494
3,CNN junction cleanup 0.95,0.95,14,20,20,6,0.7060943287054287,0.7161649023595036,0.9073359073359073,0.5294117647058824,0.7,17,13,0.7966321243512997,0.8748221906104199,0.8338983045847091,0.7151162790689359,0.9850463867186898,22.635799992713146
3,Hough Transform,,14,9,9,5,0.5132271178741767,0.5844444444444444,0.6061776061776062,0.25882352941176473,0.6428571428571428,17,5,0.965092402462084,0.6685633001412965,0.7899159659017005,0.6527777777768712,0.9847412109374398,1.537899996037595
3,Contour,,14,72,18,58,0.530634284016637,0.6574915824915825,0.8161764705882353,0.2083333333333333,0.19444444444444442,17,48,0.541193181817413,0.5419630156464552,0.5415778246591451,0.37134502923940416,0.9606323242186914,2.0155000092927366
3,Skeletonisation,,14,82,82,68,0.45847714558904706,0.6528214313289088,0.6537966537966537,0.0675,0.1707317073170732,17,160,0.9397590361426913,0.6657183499279293,0.7793505407289235,0.6384720327412845,0.9838256835936899,2.5848999939626083
3,Run-graph,,14,29,29,15,0.5792466774221338,0.7144444444444444,0.6061776061776062,0.35294117647058826,0.48275862068965514,17,17,0.9999999999979167,0.6827880512081326,0.8114961956279756,0.6827880512081326,0.9863891601561897,3.966399992350489
3,Sparse pixel,,14,82,82,68,0.45847714558904706,0.6528214313289088,0.6537966537966537,0.0675,0.1707317073170732,17,160,0.9397590361426913,0.6657183499279293,0.7793505407289235,0.6384720327412845,0.9838256835936899,4.9371999921277165
3,Mesh pattern,,14,25,25,11,0.3644900900900901,0.48533333333333334,0.4504504504504504,0.0,0.56,17,0,0.5609756097545773,0.2944523470835072,0.38619402939856284,0.23930635838122624,0.9598388671874414,1.9915000011678785
4,Baseline junction graph,,1,1,1,0,0.9415,0.87,1.0,1.0,1.0,0,0,0.931034482726516,0.999999999962963,0.9642857137519132,0.931034482726516,0.9998779296874389,2.271800010930747
4,MLP junction cleanup 0.95,0.95,1,1,1,0,0.9415,0.87,1.0,1.0,1.0,0,0,0.931034482726516,0.999999999962963,0.9642857137519132,0.931034482726516,0.9998779296874389,3.6740000068675727
4,CNN junction cleanup 0.95,0.95,1,1,1,0,0.9415,0.87,1.0,1.0,1.0,0,0,0.931034482726516,0.999999999962963,0.9642857137519132,0.931034482726516,0.9998779296874389,3.83440000587143
4,Hough Transform,,1,1,1,0,0.9415,0.87,1.0,1.0,1.0,0,0,0.931034482726516,0.999999999962963,0.9642857137519132,0.931034482726516,0.9998779296874389,0.890900002559647
4,Contour,,1,10,5,9,0.35629629629629633,0.0,0.4814814814814815,1.0,0.09999999999999998,0,0,0.8181818181570248,0.999999999962963,0.8999999994750001,0.8181818181570248,0.9996337890624389,0.9533999982522801
4,Skeletonisation,,1,1,1,0,0.9415,0.87,1.0,1.0,1.0,0,0,0.931034482726516,0.999999999962963,0.9642857137519132,0.931034482726516,0.9998779296874389,0.5931999912718311
4,Run-graph,,1,5,5,4,0.43923076923076926,0.0,0.8461538461538461,1.0,0.19999999999999996,0,0,0.999999999962963,0.999999999962963,0.9999999994629629,0.999999999962963,0.9999999999999389,8.096799996565096
4,Sparse pixel,,1,1,1,0,0.9415,0.87,1.0,1.0,1.0,0,0,0.931034482726516,0.999999999962963,0.9642857137519132,0.931034482726516,0.9998779296874389,1.0749000066425651
4,Mesh pattern,,1,2,2,1,0.7782142857142857,0.65,0.9285714285714286,1.0,0.5,0,0,0.8666666666377778,0.9629629629272977,0.9122807012237613,0.8387096773922997,0.9996948242186889,0.5690999969374388
5,Baseline junction graph,,11,17,17,6,0.7446282271786575,0.8669832680263996,0.9905660377358491,0.36666666666666664,0.6470588235294117,11,12,0.7867001254695274,0.8969957081532232,0.838235293618672,0.7215189873409419,0.9852294921874398,13.42619999195449
5,MLP junction cleanup 0.95,0.95,11,16,16,5,0.7204775751854416,0.7871710279788653,0.9420485175202157,0.43636363636363634,0.6875,11,10,0.8005284015841473,0.8669527896983306,0.8324175819172324,0.7129411764697495,0.9851074218749398,16.11189999675844
5,CNN junction cleanup 0.95,0.95,11,20,20,9,0.5918714127160299,0.6716339869281046,0.9231805929919137,0.2,0.55,11,18,0.6884154460709875,0.7396280400561664,0.7131034477755216,0.5541264737400278,0.9746093749999405,34.621500002685934
5,Hough Transform,,11,11,11,0,0.6634968225279522,0.7889572450851224,0.610512129380054,0.34545454545454546,1.0,11,5,0.9632829373629302,0.6380543633753389,0.7676419960769624,0.6229050279320909,0.9835205078124399,1.0918999905698001
5,Contour,,11,54,9,43,0.5527238925205638,0.731685864203057,0.8109289617486339,0.1636363636363636,0.20370370370370372,11,44,0.5518796992472904,0.5250357653783619,0.5381231666549469,0.36810431293844725,0.9615478515624413,3.485599998384714
5,Skeletonisation,,11,67,67,56,0.4775436245045027,0.7156621448784959,0.6415094339622642,0.04310344827586207,0.16417910447761197,11,116,0.9850107066360064,0.6580829756786007,0.7890222979747019,0.6515580736534681,0.9849853515624398,4.292900004656985
5,Run-graph,,11,16,16,5,0.6626726376657008,0.8152109328579916,0.6145552560646901,0.4166666666666667,0.6875,11,12,0.9999999999978071,0.6523605150205259,0.7896103891311542,0.6523605150205259,0.9851684570311898,4.188699997030199
5,Sparse pixel,,11,67,67,56,0.4775436245045027,0.7156621448784959,0.6415094339622642,0.04310344827586207,0.16417910447761197,11,116,0.9850107066360064,0.6580829756786007,0.7890222979747019,0.6515580736534681,0.9849853515624398,2.5613000034354627
5,Mesh pattern,,11,29,29,18,0.3944414673351449,0.5490588235294118,0.5471698113207547,0.0,0.3793103448275862,11,0,0.6839622641493303,0.41487839771042223,0.5164737306065343,0.348139255701863,0.9668579101561909,1.6663999995216727
6,Baseline junction graph,,1,1,1,0,0.984375,0.9708333333333333,0.9875,1.0,1.0,0,0,0.9999999999824563,0.9999999999824563,0.9999999994824562,0.9999999999824563,0.9999999999999389,2.948399996967055
6,MLP junction cleanup 0.95,0.95,1,1,1,0,0.984375,0.9708333333333333,0.9875,1.0,1.0,0,0,0.9999999999824563,0.9999999999824563,0.9999999994824562,0.9999999999824563,0.9999999999999389,1.611700005014427
6,CNN junction cleanup 0.95,0.95,1,1,1,0,0.984375,0.9708333333333333,0.9875,1.0,1.0,0,0,0.9999999999824563,0.9999999999824563,0.9999999994824562,0.9999999999824563,0.9999999999999389,3.9773000025888905
6,Hough Transform,,1,0,0,1,0.25,0.0,0.0,1.0,0.0,0,0,0.0,0.0,0.0,0.0,0.9965209960936892,0.6050999945728108
6,Contour,,1,0,0,1,0.25,0.0,0.0,1.0,0.0,0,0,0.0,0.0,0.0,0.0,0.9965209960936892,0.31740000122226775
6,Skeletonisation,,1,0,0,1,0.25,0.0,0.0,1.0,0.0,0,0,0.0,0.0,0.0,0.0,0.9965209960936892,0.2855000057024881
6,Run-graph,,1,0,0,1,0.25,0.0,0.0,1.0,0.0,0,0,0.0,0.0,0.0,0.0,0.9965209960936892,4.606500006048009
6,Sparse pixel,,1,0,0,1,0.25,0.0,0.0,1.0,0.0,0,0,0.0,0.0,0.0,0.0,0.9965209960936892,0.2744999947026372
6,Mesh pattern,,1,0,0,1,0.25,0.0,0.0,1.0,0.0,0,0,0.0,0.0,0.0,0.0,0.9965209960936892,0.2848999865818769
7,Baseline junction graph,,15,16,16,1,0.8993381968367242,0.9535206764650332,0.9936305732484076,0.711111111111111,0.9375,9,7,0.8458737864067405,0.9600550964174104,0.8993548382105157,0.817116060960355,0.9904785156249395,8.617600004072301
7,MLP junction cleanup 0.95,0.95,15,18,18,3,0.6508194870723006,0.7451410477835347,0.7719745222929937,0.3111111111111111,0.8333333333333334,9,7,0.6951399116337332,0.6501377410459365,0.6718861204960443,0.5058949624860601,0.9718627929686906,7.521899999119341
7,CNN junction cleanup 0.95,0.95,15,18,18,3,0.6400935777697107,0.7448647092688544,0.7745222929936306,0.2666666666666667,0.8333333333333334,9,7,0.6930983847273229,0.6501377410459365,0.6709310584903181,0.504812834224059,0.9717407226561907,15.14350000070408
7,Hough Transform,,15,12,12,3,0.5680954126362364,0.6825176032948055,0.5159235668789809,0.3111111111111111,0.8,9,3,0.9880095923237698,0.5674931129468768,0.7209098857994978,0.5636114911073001,0.9805297851561902,0.8615999977337196
7,Contour,,15,54,15,39,0.5596991154599098,0.6468845433543138,0.9457831325301205,0.20666666666666667,0.2777777777777778,9,30,0.4342507645253299,0.391184573002216,0.4115942023993153,0.25912408759100447,0.9504394531249419,2.7618999883998185
7,Skeletonisation,,15,46,46,31,0.46120853515059035,0.6793619106482364,0.5388535031847134,0.06046511627906977,0.32608695652173914,9,86,0.9474940334106265,0.5468319559221118,0.6934497811941222,0.5307486631008947,0.9785766601561903,2.7523000026121736
7,Run-graph,,15,18,18,3,0.6192179667704404,0.7174726540011515,0.5095541401273885,0.4444444444444444,0.8333333333333334,9,7,0.999999999997561,0.5647382920102414,0.721830985452911,0.5647382920102414,0.9807128906249402,5.622900003800169
7,Sparse pixel,,15,46,46,31,0.46120853515059035,0.6793619106482364,0.5388535031847134,0.06046511627906977,0.32608695652173914,9,86,0.9474940334106265,0.5468319559221118,0.6934497811941222,0.5307486631008947,0.9785766601561903,2.0511000038823113
7,Mesh pattern,,15,26,26,11,0.3783689850296893,0.5065284974093264,0.4636942675159236,0.0,0.5769230769230769,9,1,0.6102564102548456,0.32782369145960355,0.4265232970355982,0.2710706150338598,0.9609374999999413,1.2669999996433035
8,Baseline junction graph,,11,11,11,0,0.9273431511163147,0.9378958913695883,0.9952,0.825,1.0,8,7,0.8919330289179728,0.9881956155126674,0.9375999994998105,0.8825301204805986,0.9952392578124393,9.14530000591185
8,MLP junction cleanup 0.95,0.95,11,13,13,2,0.7848985829681644,0.8224959963395105,0.9008,0.6,0.8461538461538461,8,8,0.7428571428558943,0.7453625632365171,0.7441077436064927,0.5924932975863372,0.98144531249994,6.382899999152869
8,CNN junction cleanup 0.95,0.95,11,14,14,3,0.7468024924012158,0.7874468085106383,0.8944,0.5399999999999999,0.7857142857142857,8,10,0.70351758793852,0.7082630691387719,0.7058823524399956,0.5454545454538371,0.9786376953124403,12.640899993130006
8,Hough Transform,,11,10,10,1,0.7163993036750483,0.7914893617021277,0.7216,0.5,0.9090909090909091,8,4,0.9999999999978119,0.7706576728486161,0.8704761899829206,0.7706576728486161,0.9916992187499395,0.7762000022921711
8,Contour,,11,37,3,26,0.49643363533818424,0.6646883485285227,0.6808278867102396,0.12571428571428572,0.29729729729729726,8,35,0.5401459854006714,0.6239460370984419,0.5790297334609963,0.4074889867836922,0.9671630859374409,1.524699997389689
8,Skeletonisation,,11,54,54,43,0.5009646732202924,0.691020361473347,0.7664,0.06542056074766354,0.20370370370370372,8,107,0.9999999999978448,0.7824620573342623,0.8779564801112733,0.7824620573342623,0.9921264648436894,2.8316999960225075
8,Run-graph,,11,8,8,3,0.7558727016908966,0.843056508808053,0.7376,0.625,0.7272727272727273,8,5,0.9999999999978448,0.7824620573342623,0.8779564801112733,0.7824620573342623,0.9921264648436894,4.4804000062868
8,Sparse pixel,,11,54,54,43,0.5009646732202924,0.691020361473347,0.7664,0.06542056074766354,0.20370370370370372,8,107,0.9999999999978448,0.7824620573342623,0.8779564801112733,0.7824620573342623,0.9921264648436894,2.269400007207878
8,Mesh pattern,,11,25,25,14,0.41163829787234046,0.5680851063829787,0.56,0.0,0.43999999999999995,8,0,0.61813186813017,0.379426644181485,0.4702194352643242,0.30737704917990794,0.9690551757811908,1.0890999983530492
9,Baseline junction graph,,14,15,15,1,0.7902466004390346,0.8034824203574202,0.9423558897243107,0.5874999999999999,0.9333333333333333,16,15,0.7838509316760449,0.8458445040203139,0.8136686004023176,0.6858695652166458,0.98236083984369,18.200699996668845
9,MLP junction cleanup 0.95,0.95,14,18,18,4,0.6481289427844681,0.6592947080906121,0.837092731829574,0.42500000000000004,0.7777777777777778,16,16,0.551299589602529,0.5402144772110721,0.5457007442521901,0.3752327746737661,0.9590454101561915,14.65539999480825
9,CNN junction cleanup 0.95,0.95,14,19,19,5,0.6490356345801047,0.6626070763041102,0.8270676691729324,0.44705882352941173,0.736842105263158,16,17,0.5900962861064786,0.5750670241279154,0.5824847245502088,0.41091954022949145,0.9624633789061913,39.91900000255555
9,Hough Transform,,14,11,11,3,0.687813203744607,0.7361631483937519,0.68671679197995,0.5625,0.7857142857142857,16,9,0.9999999999981818,0.7372654155486096,0.8487654316088915,0.7372654155486096,0.9880371093749397,1.5101000026334077
9,Contour,,14,60,5,46,0.4796139315679712,0.5843410237514879,0.741635687732342,0.18000000000000002,0.23333333333333328,16,60,0.315463917525448,0.4101876675597719,0.35664335615146087,0.21702127659559076,0.932617187499943,5.528699999558739
9,Skeletonisation,,14,117,117,103,0.4616689070208324,0.6361665474890111,0.7518796992481203,0.05220883534136546,0.11965811965811968,16,249,0.9999999999981982,0.7439678284172333,0.8531898534679585,0.7439678284172333,0.9883422851561896,4.067400004714727
9,Run-graph,,14,9,9,5,0.7036545691150955,0.7628205128205128,0.6992481203007519,0.625,0.6428571428571428,16,12,0.9999999999981982,0.7439678284172333,0.8531898534679585,0.7439678284172333,0.9883422851561896,8.957300000474788
9,Sparse pixel,,14,117,117,103,0.4616689070208324,0.6361665474890111,0.7518796992481203,0.05220883534136546,0.11965811965811968,16,249,0.9999999999981982,0.7439678284172333,0.8531898534679585,0.7439678284172333,0.9883422851561896,3.9781999948900193
9,Mesh pattern,,14,27,27,13,0.3774084054955766,0.5129326923076923,0.4736842105263158,0.0,0.5185185185185186,16,0,0.7284595300242077,0.37399463806920374,0.4942426921991745,0.3282352941172609,0.965148925781191,1.348999998299405
10,Baseline junction graph,,2,2,2,0,0.9299249274508979,0.8631100082712986,0.9576271186440678,1.0,1.0,1,1,0.8346456692847666,0.9724770642112617,0.8983050842410585,0.8153846153783433,0.998535156249939,2.58169999870006
10,MLP junction cleanup 0.95,0.95,2,3,3,1,0.3404124293785311,0.42000000000000004,0.423728813559322,0.0,0.6666666666666667,1,0,0.4098360655670519,0.2293577981630334,0.29411764659522494,0.17241379310225924,0.9926757812499394,3.122199996141717
10,CNN junction cleanup 0.95,0.95,2,3,3,1,0.3404124293785311,0.42000000000000004,0.423728813559322,0.0,0.6666666666666667,1,0,0.4098360655670519,0.2293577981630334,0.29411764659522494,0.17241379310225924,0.9926757812499394,5.174200006877072
10,Hough Transform,,2,1,1,1,0.4910691003911343,0.7692307692307693,0.47457627118644063,0.0,0.5,1,0,0.9999999999824563,0.5229357798117161,0.6867469874925969,0.5229357798117161,0.9968261718749392,0.7442999922204763
10,Contour,,2,4,1,2,0.48664602346805735,0.5371794871794872,0.9745762711864406,0.0,0.5,1,4,0.2376237623738849,0.22018348623651207,0.2285714280699773,0.1290322580638224,0.9901123046874395,0.6088999944040552
10,Skeletonisation,,2,1,1,1,0.4910691003911343,0.7692307692307693,0.47457627118644063,0.0,0.5,1,0,0.9999999999824563,0.5229357798117161,0.6867469874925969,0.5229357798117161,0.9968261718749392,0.6062000029487535
10,Run-graph,,2,1,1,1,0.4910691003911343,0.7692307692307693,0.47457627118644063,0.0,0.5,1,0,0.9999999999824563,0.5229357798117161,0.6867469874925969,0.5229357798117161,0.9968261718749392,4.305299997213297
10,Sparse pixel,,2,1,1,1,0.4910691003911343,0.7692307692307693,0.47457627118644063,0.0,0.5,1,0,0.9999999999824563,0.5229357798117161,0.6867469874925969,0.5229357798117161,0.9968261718749392,0.6586999952560291
10,Mesh pattern,,2,4,4,2,0.36991525423728816,0.5,0.47457627118644063,0.0,0.5,1,0,0.9636363636188431,0.48623853210563084,0.6463414629609607,0.47747747747317587,0.9964599609374392,0.6283999973675236
11,Baseline junction graph,,12,12,12,0,0.9886846320346321,0.9832962962962963,0.9988636363636364,0.9857142857142858,1.0,14,14,0.7254901960776411,0.784452296818864,0.7538200334557665,0.6049046321520392,0.9734497070311906,11.111800005892292
11,MLP junction cleanup 0.95,0.95,12,17,17,5,0.7733728889737713,0.8535666666666667,0.9386363636363636,0.5238095238095238,0.7058823529411764,14,21,0.5927189988616692,0.6136631330970392,0.6030092587587119,0.4316487158240003,0.9581298828124415,13.142099996912293
11,CNN junction cleanup 0.95,0.95,12,18,18,6,0.7624339872408294,0.8054000000000001,0.9693181818181819,0.5578947368421052,0.6666666666666667,14,19,0.5916114790280446,0.6313309776199867,0.6108262103260421,0.4397046759635441,0.9583129882811915,25.064000001293607
11,Hough Transform,,12,14,14,2,0.726138961038961,0.8537575757575757,0.7454545454545455,0.42857142857142855,0.8571428571428572,14,6,0.9969879518057274,0.7797408716127447,0.8750826168229081,0.7779083431248204,0.9884643554686896,1.868899998953566
11,Contour,,12,60,2,48,0.5016429502876144,0.6936579887593388,0.6641509433962265,0.14666666666666664,0.19999999999999996,14,60,0.4192966636605777,0.547703180211369,0.4749744632468399,0.3114534494304679,0.9372558593749428,5.637299997033551
11,Skeletonisation,,12,104,104,92,0.4720307279984167,0.6432608780108781,0.8079545454545455,0.03773584905660377,0.11538461538461542,14,212,0.9999999999985185,0.7950530035326324,0.8858267711588985,0.7950530035326324,0.9893798828124396,5.457599996589124
11,Run-graph,,12,12,12,0,0.8002813852813854,0.8962962962962964,0.7704545454545455,0.5714285714285714,1.0,14,14,0.9999999999985185,0.7950530035326324,0.8858267711588985,0.7950530035326324,0.9893798828124396,8.324199996422976
11,Sparse pixel,,12,104,104,92,0.4720307279984167,0.6432608780108781,0.8079545454545455,0.03773584905660377,0.11538461538461542,14,212,0.9999999999985185,0.7950530035326324,0.8858267711588985,0.7950530035326324,0.9893798828124396,8.075000005192123
11,Mesh pattern,,12,34,34,22,0.40672593582887695,0.585,0.5409090909090909,0.0,0.3529411764705882,14,1,0.6092184368725266,0.3580683156650671,0.4510385752006942,0.2911877394633226,0.9548339843749417,1.5063000028021634
12,Baseline junction graph,,14,16,16,2,0.7150771515236126,0.645881867678601,0.980106100795756,0.5636363636363636,0.875,11,10,0.7205128205118968,0.807471264366656,0.7615176146767393,0.6148796498899181,0.9785156249999403,8.277300003101118
12,MLP junction cleanup 0.95,0.95,14,18,18,4,0.6163792440670843,0.603572567783094,0.8183023872679045,0.4133333333333333,0.7777777777777778,11,15,0.6012176560112614,0.5675287356313685,0.5838876565579411,0.41231732776574914,0.965637207031191,8.763600009842776
12,CNN junction cleanup 0.95,0.95,14,17,17,3,0.7908872843287812,0.7911164274322169,0.9217506631299734,0.6727272727272726,0.8235294117647058,11,10,0.7816993464042069,0.8591954022976162,0.8186173848524929,0.6929316338346547,0.9838256835936899,15.633799994247966
12,Hough Transform,,14,22,22,8,0.6429243968372824,0.8223923444976077,0.5915119363395225,0.36363636363636365,0.6363636363636364,11,4,0.9701492537292747,0.6537356321829688,0.7811158793459685,0.6408450704216326,0.9844360351561899,0.8921999979065731
12,Contour,,14,72,19,58,0.5324047326705725,0.7045924745677222,0.7749229188078108,0.1636363636363636,0.19444444444444442,11,44,0.39389920424350944,0.42672413793042135,0.409655171914028,0.25758889852536204,0.9477539062499422,2.8612999885808676
12,Skeletonisation,,14,73,73,59,0.5306719641728488,0.8026965417979539,0.6750663129973475,0.061068702290076333,0.1917808219178082,11,131,0.9759519038056594,0.6997126436771556,0.8150627610185003,0.6878531073436612,0.9865112304686897,2.749000006588176
12,Run-graph,,14,25,25,11,0.699454621603442,0.8985645933014355,0.6273209549071618,0.45454545454545453,0.56,11,8,0.9999999999979509,0.7011494252863489,0.8243243238383628,0.7011494252863489,0.9873046874999397,6.7149999958928674
12,Sparse pixel,,14,73,73,59,0.5306719641728488,0.8026965417979539,0.6750663129973475,0.061068702290076333,0.1917808219178082,11,131,0.9759519038056594,0.6997126436771556,0.8150627610185003,0.6878531073436612,0.9865112304686897,4.593699995893985
12,Mesh pattern,,14,32,32,18,0.4399249965098423,0.6163157894736843,0.5941644562334217,0.0,0.4375,11,0,0.6327800829862391,0.43821839080396807,0.5178268246429562,0.3493699885448461,0.965332031249941,1.3555000041378662
13,Baseline junction graph,,17,20,20,3,0.8157344751335183,0.84711117665121,0.9601722282023681,0.6300000000000001,0.85,20,16,0.7743271221524075,0.8789659224431504,0.8233351673602048,0.6997193638908328,0.9804077148436902,10.656600003130734
13,MLP junction cleanup 0.95,0.95,17,27,27,10,0.5860005513249856,0.7232972601084057,0.7502691065662002,0.19,0.6296296296296297,20,11,0.5764705882345406,0.518213866039344,0.5457920787086613,0.3753191489358508,0.9552001953124417,11.63859998632688
13,CNN junction cleanup 0.95,0.95,17,29,29,12,0.5621442109085028,0.6964617898441428,0.6630785791173305,0.23000000000000004,0.5862068965517242,20,16,0.579104477611076,0.4559341950640941,0.5101906635432275,0.3424536628417101,0.9545288085936917,45.281700004125014
13,Hough Transform,,17,23,23,6,0.5547512742124898,0.7029032803542608,0.5726587728740582,0.2,0.7391304347826086,20,4,0.9999999999981851,0.6474735605162779,0.786019970991102,0.6474735605162779,0.98168945312494,1.262599995243363
13,Contour,,17,65,9,48,0.5576682640300411,0.7118898127125229,0.7926621160409556,0.21052631578947373,0.2615384615384615,20,57,0.4240940254648148,0.5088131609864761,0.4626068371104668,0.30090340514225095,0.9385986328124427,2.8795999969588593
13,Skeletonisation,,17,87,86,70,0.4987424424755685,0.736991389148252,0.6555435952637244,0.06578947368421052,0.1954022988505747,20,152,0.9966101694898363,0.690951821385792,0.8160999301190177,0.6893317702219351,0.9838256835936899,6.291999990935437
13,Run-graph,,17,16,16,1,0.6868226390525536,0.8466342245238014,0.6210979547900969,0.35,0.9411764705882353,20,12,0.9999999999982759,0.6815511163329242,0.8106219422142136,0.6815511163329242,0.9834594726561899,4.048699993290938
13,Sparse pixel,,17,86,86,69,0.49864687005800906,0.736991389148252,0.6544671689989237,0.06535947712418301,0.19767441860465118,20,153,0.9712837837821431,0.6756756756748817,0.7969507964658002,0.6624423963126009,0.98211669921869,3.180999992764555
13,Mesh pattern,,17,32,32,15,0.4091864811089627,0.5769193061840122,0.4822389666307858,0.0,0.53125,20,0,0.6227544910167211,0.36662749706184883,0.4615384610712871,0.29999999999971155,0.9555664062499416,1.4386999973794445
14,Baseline junction graph,,4,3,3,1,0.4941637931034483,0.6470987654320988,0.6398467432950192,0.0,0.75,1,0,0.3314285714266776,0.22393822393735932,0.26728110550828227,0.15425531914852592,0.9805908203124402,3.224699990823865
14,MLP junction cleanup 0.95,0.95,4,3,3,1,0.5134300766283525,0.6882098765432099,0.6436781609195402,0.0,0.75,1,0,0.3333333333314176,0.22393822393735932,0.2678983828898549,0.15466666666625423,0.9806518554686902,5.331099993782118
14,CNN junction cleanup 0.95,0.95,4,3,3,1,0.5134300766283525,0.6882098765432099,0.6436781609195402,0.0,0.75,1,0,0.3333333333314176,0.22393822393735932,0.2678983828898549,0.15466666666625423,0.9806518554686902,7.384100012131967
14,Hough Transform,,4,3,3,1,0.6346743295019157,0.8333333333333334,0.9233716475095786,0.0,0.75,1,0,0.9999999999959017,0.9420849420813048,0.9701789259379391,0.9420849420813048,0.999084472656189,0.6559000030392781
14,Contour,,4,8,3,4,0.48786708350434743,0.7363032694654432,0.5326530612244897,0.0,0.5,1,4,0.5809523809505367,0.7065637065609786,0.6376306615234433,0.4680306905358874,0.9873046874999397,0.7487000111723319
14,Skeletonisation,,4,3,3,1,0.6346743295019157,0.8333333333333334,0.9233716475095786,0.0,0.75,1,0,0.9999999999959017,0.9420849420813048,0.9701789259379391,0.9420849420813048,0.999084472656189,1.0645000002114102
14,Run-graph,,4,3,3,1,0.6346743295019157,0.8333333333333334,0.9233716475095786,0.0,0.75,1,0,0.9999999999959017,0.9420849420813048,0.9701789259379391,0.9420849420813048,0.999084472656189,3.468999988399446
14,Sparse pixel,,4,3,3,1,0.6346743295019157,0.8333333333333334,0.9233716475095786,0.0,0.75,1,0,0.9999999999959017,0.9420849420813048,0.9701789259379391,0.9420849420813048,0.999084472656189,1.0589999874355271
14,Mesh pattern,,4,10,10,6,0.39102969348659,0.5416666666666666,0.5363984674329502,0.0,0.4,1,0,0.3793103448249703,0.21235521235439245,0.2722772272612366,0.1575931232087175,0.98205566406244,1.2689000141108409
15,Baseline junction graph,,15,15,15,0,0.7314658447606418,0.6947511242951177,0.9512820512820512,0.5142857142857143,1.0,14,11,0.678787878787056,0.7724137931023829,0.7225806446624391,0.5656565656559943,0.9737548828124405,11.700900009600446
15,MLP junction cleanup 0.95,0.95,15,17,17,2,0.6078341313768499,0.6078183359524817,0.908974358974359,0.2571428571428572,0.8823529411764706,14,14,0.5763157894729259,0.6041379310336494,0.5898989893984732,0.4183381088821219,0.9628295898436912,7.479899999452755
15,CNN junction cleanup 0.95,0.95,15,15,15,0,0.6754029131492735,0.6506715123300908,0.9487179487179487,0.37142857142857144,1.0,14,11,0.6297198538360174,0.7131034482748785,0.6688227679357327,0.5024295432453815,0.9687499999999408,17.367799999192357
15,Hough Transform,,15,15,15,0,0.5171927327596756,0.6588409934341994,0.55,0.04285714285714286,1.0,14,1,0.9999999999977478,0.6124137931026036,0.759623609450602,0.6124137931026036,0.9828491210936899,0.7688999903621152
15,Contour,,15,48,10,33,0.5710190762562102,0.7219204748376198,0.8245243128964059,0.19999999999999998,0.3125,14,40,0.6947194719460483,0.5806896551716129,0.6326070618621746,0.46263736263685423,0.9701538085936907,1.7582999862497672
15,Skeletonisation,,15,64,64,49,0.46792701247275376,0.704446277088774,0.6153846153846154,0.01764705882352941,0.234375,14,102,0.9957894736821141,0.6524137931025484,0.7883333328537209,0.6506189821173994,0.9844970703124399,2.6313999987905845
15,Run-graph,,15,19,19,4,0.571847373544866,0.7933390427252832,0.5961538461538461,0.06666666666666667,0.7894736842105263,14,15,0.9999999999978495,0.6413793103439429,0.7815126045645716,0.6413793103439429,0.9841308593749399,5.800800005090423
15,Sparse pixel,,15,64,64,49,0.46792701247275376,0.704446277088774,0.6153846153846154,0.01764705882352941,0.234375,14,102,0.9957894736821141,0.6524137931025484,0.7883333328537209,0.6506189821173994,0.9844970703124399,2.899899991462007
15,Mesh pattern,,15,30,30,15,0.39900034036759696,0.536240072611754,0.5384615384615384,0.0,0.5,14,0,0.6299765807947776,0.3710344827581089,0.46701388842153585,0.304643261607809,0.9625244140624413,1.4635999978054315
16,Baseline junction graph,,12,11,11,1,0.8703808799381821,0.8709522199684472,0.9964285714285714,0.75,0.9166666666666666,4,3,0.9742990654194226,0.9988023952083847,0.9863985802203771,0.9731621936978143,0.998596191406189,8.844299998600036
16,MLP junction cleanup 0.95,0.95,12,12,12,0,0.8418476973104656,0.8033692357596169,0.96415770609319,0.75,1.0,4,4,0.8657799274475626,0.8574850299390928,0.8616125145410927,0.7568710359400033,0.9859619140624398,8.416600001510233
16,CNN junction cleanup 0.95,0.95,12,12,12,0,0.8418476973104656,0.8033692357596169,0.96415770609319,0.75,1.0,4,4,0.8657799274475626,0.8574850299390928,0.8616125145410927,0.7568710359400033,0.9859619140624398,18.18829998956062
16,Hough Transform,,12,10,10,2,0.8989628393688461,0.8295019157088123,0.961768219832736,1.0,0.8333333333333334,4,4,0.997533908753394,0.9688622754479415,0.9829890638974538,0.9665471923524892,0.998291015624939,0.9095999994315207
16,Contour,,12,36,7,24,0.5454082817643815,0.827609243826756,0.5211706102117061,0.1416666666666667,0.33333333333333337,4,24,0.7629558541259472,0.9520958083820933,0.8470964299793393,0.7347504621065298,0.98248291015619,2.0019999938085675
16,Skeletonisation,,12,47,47,35,0.6225182773975418,0.8665690908439861,0.974910394265233,0.04819277108433735,0.25531914893617025,4,83,0.9999999999987639,0.9688622754479415,0.9841849143407768,0.9688622754479415,0.998413085937439,3.281899989815429
16,Run-graph,,12,11,11,1,0.9589500164792156,0.9458812260536399,0.9581839904420549,1.0,0.9166666666666666,4,4,0.9999999999987639,0.9688622754479415,0.9841849143407768,0.9688622754479415,0.998413085937439,4.6162999933585525
16,Sparse pixel,,12,47,47,35,0.6225182773975418,0.8665690908439861,0.974910394265233,0.04819277108433735,0.25531914893617025,4,83,0.9999999999987639,0.9688622754479415,0.9841849143407768,0.9688622754479415,0.998413085937439,3.5977999941678718
16,Mesh pattern,,12,48,48,36,0.46294416635768143,0.6163793103448276,0.8028673835125448,0.0,0.25,4,0,0.7146892655357138,0.6059880239513701,0.6558651971694197,0.4879459980708892,0.9675903320311909,1.9755000103032216
17,Baseline junction graph,,14,14,14,0,0.978524720266283,0.9899052097327959,0.9986702127659575,0.9333333333333332,1.0,6,6,0.8155583437881863,0.9090909090896376,0.8597883592886931,0.7540603248251113,0.9870605468749397,8.435399999143556
17,MLP junction cleanup 0.95,0.95,14,17,17,3,0.7855158102246363,0.9096346469622333,0.933422103861518,0.42857142857142855,0.8235294117647058,6,7,0.6993377483434446,0.7384615384605057,0.7183673464381684,0.5605095541395324,0.9747314453124405,8.987399996840395
17,CNN junction cleanup 0.95,0.95,14,17,17,3,0.8000171259306791,0.9189203612479474,0.9374167776298269,0.4666666666666666,0.8235294117647058,6,5,0.7356020942398749,0.7860139860128867,0.7599729541986421,0.6128680479818834,0.9783325195311903,29.011099992203526
17,Hough Transform,,14,9,9,5,0.6763256134677573,0.8035714285714286,0.6271637816245006,0.5,0.6428571428571428,6,3,0.9999999999979036,0.6671328671319341,0.8003355699883887,0.6671328671319341,0.9854736328124398,1.1515999940456823
17,Contour,,14,35,7,21,0.5084758614671437,0.6234134370051755,0.7822916666666666,0.12592592592592594,0.4,6,27,0.7185628742504213,0.6713286713277324,0.6941431665277732,0.5315614617934313,0.9741821289061905,2.572199999121949
17,Skeletonisation,,14,46,46,32,0.4824963990337726,0.688453853580665,0.6524633821571239,0.047058823529411764,0.30434782608695654,6,85,0.9979296066231927,0.6741258741249313,0.8046744569464563,0.6731843575409593,0.9857177734374398,4.947699999320321
17,Run-graph,,14,11,11,3,0.6727699960362405,0.8355389758643185,0.6364846870838882,0.36363636363636365,0.7857142857142857,6,11,0.9999999999979036,0.6671328671319341,0.8003355699883887,0.6671328671319341,0.9854736328124398,9.18900000397116
17,Sparse pixel,,14,46,46,32,0.4824963990337726,0.688453853580665,0.6524633821571239,0.047058823529411764,0.30434782608695654,6,85,0.9979296066231927,0.6741258741249313,0.8046744569464563,0.6731843575409593,0.9857177734374398,3.715099999681115
17,Mesh pattern,,14,31,31,17,0.4098655180189855,0.5536111111111112,0.577896138482024,0.0,0.4516129032258065,6,0,0.690307328603569,0.4083916083910372,0.5131810188641791,0.3451536643021925,0.966186523437441,1.334500004304573
18,Baseline junction graph,,12,12,12,0,0.9069386169479683,0.9505803462401599,0.9896373056994818,0.725,1.0,8,6,0.8512195121940839,0.9928876244651595,0.916611949600237,0.8460606060595806,0.9922485351561894,11.37860000017099
18,MLP junction cleanup 0.95,0.95,12,15,15,3,0.7607801774665295,0.7756862640048124,0.8808290155440415,0.6222222222222222,0.8,8,9,0.7999999999988653,0.8022759601695558,0.8011363631352266,0.6682464454968385,0.9829101562499399,8.167699998011813
18,CNN junction cleanup 0.95,0.95,12,13,13,1,0.7479409282083035,0.7899362640048124,0.844559585492228,0.525,0.9230769230769231,8,5,0.7811158798272088,0.7766714082492508,0.7788873033505335,0.6378504672889744,0.98107910156244,13.914299997850321
18,Hough Transform,,12,11,11,1,0.5450959118385932,0.5419469696969698,0.5790155440414508,0.375,0.9166666666666666,8,4,0.9934065934044101,0.6429587482209915,0.7806563034939505,0.6402266288942773,0.9844970703124399,0.7082999945851043
18,Contour,,12,46,11,34,0.5027143163129993,0.5934129433938945,0.8221512247071352,0.18064516129032257,0.26086956521739135,8,31,0.47552447552381044,0.4836415362724273,0.47954865958398574,0.31539888682716566,0.9549560546874417,1.7081999976653606
18,Skeletonisation,,12,40,40,28,0.4655854446394414,0.6559274193548387,0.6152849740932642,0.06944444444444445,0.30000000000000004,8,72,0.9915611814325073,0.6685633001412965,0.798640611242294,0.6647807637897245,0.9855346679686898,1.982400004635565
18,Run-graph,,12,14,14,2,0.6328137028127313,0.67375,0.594559585492228,0.5,0.8571428571428572,8,4,0.9999999999978633,0.6657183499279293,0.799316822746782,0.6657183499279293,0.9856567382811898,3.998700005467981
18,Sparse pixel,,12,40,40,28,0.4655854446394414,0.6559274193548387,0.6152849740932642,0.06944444444444445,0.30000000000000004,8,72,0.9915611814325073,0.6685633001412965,0.798640611242294,0.6647807637897245,0.9855346679686898,2.4836000084178522
18,Mesh pattern,,12,30,30,18,0.3389332901554404,0.4225,0.544041450777202,0.0,0.4,8,0,0.8876146788970468,0.550497866286557,0.6795434587009969,0.5146276595737838,0.9777221679686903,1.4140999992378056
19,Baseline junction graph,,16,20,20,4,0.8387112360493008,0.8654682726717291,0.971252566735113,0.7000000000000001,0.8,20,22,0.8412197686636791,0.9070294784570215,0.872885978768714,0.7744433688279047,0.9857788085936898,11.609299996052869
19,MLP junction cleanup 0.95,0.95,16,27,27,11,0.6874450602338524,0.7841956882255391,0.8264887063655031,0.43999999999999995,0.5925925925925926,20,19,0.7126168224290741,0.691609977323479,0.7019562710758289,0.5407801418434922,0.9683837890624408,17.59709999896586
19,CNN junction cleanup 0.95,0.95,16,29,29,13,0.5480652023905259,0.6163962240081644,0.7997946611909651,0.22222222222222218,0.5517241379310345,20,27,0.6077481840186347,0.569160997731781,0.5878220135513713,0.41625207296814576,0.9570312499999416,28.76930001366418
19,Hough Transform,,16,19,19,3,0.6250235748780643,0.7727057022579411,0.6529774127310062,0.25,0.8421052631578947,20,6,0.9892141756533295,0.7278911564617597,0.8386675370676372,0.7221597300329334,0.9849243164061898,2.2637999936705455
19,Contour,,16,67,14,51,0.520016732239467,0.683153995023265,0.7475057559478128,0.15686274509803919,0.23880597014925375,20,51,0.5714285714280644,0.7301587301579023,0.641114982085195,0.47179487179452617,0.9559936523436916,8.767900013481267
19,Skeletonisation,,16,87,87,71,0.526390646062244,0.7586124139780683,0.6981519507186859,0.1079754601226994,0.1839080459770115,20,163,0.9595202398786215,0.7256235827656172,0.826339573427223,0.7040704070399295,0.9835815429686899,5.946499994024634
19,Run-graph,,16,26,26,10,0.7197583899297166,0.8623801283437884,0.6632443531827515,0.55,0.6153846153846154,20,12,0.9999999999984757,0.7437641723347577,0.8530559162847194,0.7437641723347577,0.9862060546874398,6.534899992402643
19,Sparse pixel,,16,87,87,71,0.526390646062244,0.7586124139780683,0.6981519507186859,0.1079754601226994,0.1839080459770115,20,163,0.9595202398786215,0.7256235827656172,0.826339573427223,0.7040704070399295,0.9835815429686899,9.479000000283122
19,Mesh pattern,,16,37,37,21,0.4149744179651164,0.5897014925373134,0.5318275154004106,0.0,0.43243243243243246,20,0,0.732342007433583,0.4467120181400831,0.5549295769933504,0.38401559454153605,0.9614257812499413,2.831800011335872
20,Baseline junction graph,,4,4,4,0,1.0,1.0,1.0,1.0,1.0,1,1,0.9999999999961539,0.9999999999961539,0.9999999994961539,0.9999999999961539,0.9999999999999389,5.037800001446158
20,MLP junction cleanup 0.95,0.95,4,5,5,1,0.6358007117437723,0.8444444444444444,0.8790035587188612,0.0,0.8,1,0,0.8293650793617883,0.8038461538430621,0.8164062494969331,0.6897689768954133,0.9942626953124393,6.9897000066703185
20,CNN junction cleanup 0.95,0.95,4,5,5,1,0.6358007117437723,0.8444444444444444,0.8790035587188612,0.0,0.8,1,0,0.8293650793617883,0.8038461538430621,0.8164062494969331,0.6897689768954133,0.9942626953124393,9.093099986785091
20,Hough Transform,,4,3,3,1,0.5909252669039147,0.8333333333333334,0.7046263345195729,0.0,0.75,1,0,0.999999999995025,0.7730769230739497,0.8720173530835824,0.7730769230739497,0.9963989257811892,0.8859999943524599
20,Contour,,4,8,3,4,0.5137457273878454,0.7214151477705695,0.6955445544554455,0.0,0.5,1,4,0.5201465201446148,0.5461538461517456,0.5328330201361967,0.3631713554977924,0.9848022460936898,0.9680999937700108
20,Skeletonisation,,4,3,3,1,0.5909252669039147,0.8333333333333334,0.7046263345195729,0.0,0.75,1,0,0.999999999995025,0.7730769230739497,0.8720173530835824,0.7730769230739497,0.9963989257811892,2.252599995699711
20,Run-graph,,4,3,3,1,0.5909252669039147,0.8333333333333334,0.7046263345195729,0.0,0.75,1,0,0.999999999995025,0.7730769230739497,0.8720173530835824,0.7730769230739497,0.9963989257811892,5.5591999989701435
20,Sparse pixel,,4,3,3,1,0.5909252669039147,0.8333333333333334,0.7046263345195729,0.0,0.75,1,0,0.999999999995025,0.7730769230739497,0.8720173530835824,0.7730769230739497,0.9963989257811892,1.5807000017957762
20,Mesh pattern,,4,11,11,7,0.3897221772889033,0.5416666666666666,0.5480427046263345,0.0,0.36363636363636365,1,0,0.6687898089129377,0.4038461538446006,0.503597121830248,0.3365384615373829,0.9873657226561897,1.5901000006124377
21,Baseline junction graph,,6,6,6,0,0.9937321428571428,0.9860714285714286,1.0,1.0,1.0,0,0,0.91121495326677,0.9999999999948719,0.9535452317702549,0.91121495326677,0.998840332031189,5.183900007978082
21,MLP junction cleanup 0.95,0.95,6,6,6,0,0.9937321428571428,0.9860714285714286,1.0,1.0,1.0,0,0,0.91121495326677,0.9999999999948719,0.9535452317702549,0.91121495326677,0.998840332031189,3.795600001467392
21,CNN junction cleanup 0.95,0.95,6,6,6,0,0.9937321428571428,0.9860714285714286,1.0,1.0,1.0,0,0,0.91121495326677,0.9999999999948719,0.9535452317702549,0.91121495326677,0.998840332031189,5.407699994975701
21,Hough Transform,,6,8,8,2,0.8215357142857143,0.7678571428571429,0.755,1.0,0.75,0,0,0.9999999999937108,0.8153846153804339,0.8983050842458584,0.8153846153804339,0.997802734374939,0.6423000013455749
21,Contour,,6,10,5,4,0.752253518823365,0.7150479802500481,0.6024096385542168,1.0,0.6,0,0,0.9764705882295502,0.8512820512776857,0.9095890405932521,0.834170854267165,0.997985839843689,0.6316000071819872
21,Skeletonisation,,6,5,5,1,0.8961190476190477,0.8928571428571429,0.8049999999999999,1.0,0.8333333333333334,0,0,0.9999999999939759,0.8512820512776857,0.9196675895258323,0.8512820512776857,0.998229980468689,1.0608000011416152
21,Run-graph,,6,5,5,1,0.8961190476190477,0.8928571428571429,0.8049999999999999,1.0,0.8333333333333334,0,0,0.9999999999939759,0.8512820512776857,0.9196675895258323,0.8512820512776857,0.998229980468689,3.5189000045647845
21,Sparse pixel,,6,5,5,1,0.8961190476190477,0.8928571428571429,0.8049999999999999,1.0,0.8333333333333334,0,0,0.9999999999939759,0.8512820512776857,0.9196675895258323,0.8512820512776857,0.998229980468689,0.847500006784685
21,Mesh pattern,,6,11,11,5,0.7243936688311688,0.5907738095238095,0.77,1.0,0.5454545454545454,0,0,0.7267080745296478,0.5999999999969231,0.6573033702873848,0.48953974895192665,0.9925537109374394,0.7251000060932711
22,Baseline junction graph,,18,23,23,5,0.7055919681134585,0.6862075293688449,0.9152691968225949,0.5419354838709679,0.782608695652174,28,31,0.6223214285708729,0.6657115568283996,0.6432856478617641,0.474149659863623,0.9528198242186918,14.825900012510829
22,MLP junction cleanup 0.95,0.95,18,29,29,11,0.5907186970352712,0.6555033050811848,0.8022947925860547,0.2928571428571428,0.6206896551724138,28,22,0.604887983706105,0.5673352435524668,0.5855101029991967,0.4139372822296767,0.948669433593692,12.528199993539602
22,CNN junction cleanup 0.95,0.95,18,26,26,8,0.5977960140210332,0.6161618841484423,0.8278905560458958,0.34285714285714286,0.6923076923076923,28,25,0.6288252714702578,0.6084049665705746,0.6184466014412833,0.44764581869258774,0.9520263671874418,23.61479999672156
22,Hough Transform,,18,12,12,6,0.5915897359616279,0.7251018822282007,0.59135039717564,0.32142857142857145,0.6666666666666667,28,9,0.9985141158974762,0.6418338108876391,0.7813953483599412,0.6412213740451896,0.9770507812499404,0.8879999950295314
22,Contour,,18,80,8,62,0.5186985484704539,0.6428522004530763,0.8252002913328478,0.16750000000000004,0.22499999999999998,28,80,0.4031296572277175,0.5167144221580547,0.4529091665227325,0.29274891774875933,0.9202270507811938,2.832400001352653
22,Skeletonisation,,18,163,163,145,0.42340982309204284,0.5981215027977619,0.6681376875551632,0.038338658146964855,0.11042944785276076,28,313,0.9801699716699998,0.6609360076402474,0.789503707447283,0.6522148916110724,0.9774780273436903,3.589500003727153
22,Run-graph,,18,22,22,4,0.666767995954501,0.7840644940150878,0.6248896734333628,0.42857142857142855,0.8181818181818181,28,24,0.9999999999985715,0.6685768863412908,0.8013737831478871,0.6685768863412908,0.9788208007811903,9.325399994850159
22,Sparse pixel,,18,163,163,145,0.42340982309204284,0.5981215027977619,0.6681376875551632,0.038338658146964855,0.11042944785276076,28,313,0.9801699716699998,0.6609360076402474,0.789503707447283,0.6522148916110724,0.9774780273436903,8.213399996748194
22,Mesh pattern,,18,32,32,14,0.38198897283829536,0.5481264219393716,0.3954104148278905,0.0,0.5625,28,1,0.5061728395051314,0.2349570200570822,0.3209393342045055,0.19114219114204262,0.9364624023436928,1.7740999901434407
23,Baseline junction graph,,18,25,25,7,0.6263563043121388,0.6438092090519728,0.8466483011937558,0.38125,0.72,32,26,0.6101010101003939,0.6175869120648082,0.613821137710777,0.44281524926653754,0.9536132812499418,11.805300004198216
23,MLP junction cleanup 0.95,0.95,18,26,26,8,0.5486175929138716,0.536018137926535,0.8080808080808081,0.3062499999999999,0.6923076923076923,32,22,0.6454640250253958,0.632924335377676,0.6391326789005238,0.4696509863425875,0.9573364257811915,13.005900007556193
23,CNN junction cleanup 0.95,0.95,18,30,30,12,0.5186149724075186,0.5214847055438994,0.72910927456382,0.3124999999999999,0.6,32,30,0.5685164212904094,0.5132924335373075,0.5394948947183481,0.36938925680620355,0.9476928710936922,30.736000000615604
23,Hough Transform,,18,13,13,5,0.5492306446581732,0.6403102684067964,0.5537190082644627,0.3125,0.7222222222222222,32,10,0.9934318554991898,0.6186094069523327,0.7624448640503302,0.6160896130339958,0.9769897460936904,1.1838999926112592
23,Contour,,18,100,11,82,0.5521404393951044,0.6643084034106901,0.8622327790973872,0.2510204081632655,0.18000000000000005,32,98,0.5281690140839757,0.5368098159503714,0.5324543605542595,0.3628196268138474,0.9437255859374424,4.302200002712198
23,Skeletonisation,,18,195,194,177,0.4440052976002856,0.6440135714873594,0.6593204775022956,0.05241730279898219,0.09230769230769231,32,393,0.9908116385896006,0.6615541922283624,0.7933782950430985,0.6575203252025839,0.9794311523436902,7.867299995268695
23,Run-graph,,18,25,25,7,0.6734891054373184,0.798257160566321,0.6042240587695134,0.4857142857142857,0.72,32,35,0.9999999999984448,0.6574642126782644,0.7933374455413505,0.6574642126782644,0.9795532226561902,4.700499994214624
23,Sparse pixel,,18,194,194,176,0.4437863719321445,0.6440135714873594,0.657483930211203,0.052820512820512824,0.09278350515463918,32,390,0.9923195084470164,0.6605316973408379,0.7931246158482101,0.6571719226849876,0.9794311523436902,5.31079999927897
23,Mesh pattern,,18,35,35,17,0.3530911444173069,0.470381679389313,0.4499540863177227,0.0,0.5142857142857142,32,1,0.7279693486576093,0.3885480572593164,0.506666666212199,0.3392857142854114,0.9548339843749417,1.7261000029975548
24,Baseline junction graph,,2,2,2,0,1.0,1.0,1.0,1.0,1.0,0,0,0.9999999999946809,0.9999999999946809,0.9999999994946809,0.9999999999946809,0.9999999999999389,2.652499999385327
24,MLP junction cleanup 0.95,0.95,2,2,2,0,1.0,1.0,1.0,1.0,1.0,0,0,0.9999999999946809,0.9999999999946809,0.9999999994946809,0.9999999999946809,0.9999999999999389,2.877000006265007
24,CNN junction cleanup 0.95,0.95,2,2,2,0,1.0,1.0,1.0,1.0,1.0,0,0,0.9999999999946809,0.9999999999946809,0.9999999994946809,0.9999999999946809,0.9999999999999389,6.012199999531731
24,Hough Transform,,2,2,2,0,1.0,1.0,1.0,1.0,1.0,0,0,0.9999999999946809,0.9999999999946809,0.9999999994946809,0.9999999999946809,0.9999999999999389,1.4832000015303493
24,Contour,,2,4,2,2,0.837384058536438,0.9743286407192713,0.49468085106382975,1.0,0.5,0,0,0.9842931937121242,0.9999999999946809,0.9920844322124742,0.9842931937121242,0.9998168945311889,0.7026999955996871
24,Skeletonisation,,2,2,2,0,1.0,1.0,1.0,1.0,1.0,0,0,0.9999999999946809,0.9999999999946809,0.9999999994946809,0.9999999999946809,0.9999999999999389,0.8813000022200868
24,Run-graph,,2,2,2,0,1.0,1.0,1.0,1.0,1.0,0,0,0.9999999999946809,0.9999999999946809,0.9999999994946809,0.9999999999946809,0.9999999999999389,3.5804999934043735
24,Sparse pixel,,2,2,2,0,1.0,1.0,1.0,1.0,1.0,0,0,0.9999999999946809,0.9999999999946809,0.9999999994946809,0.9999999999946809,0.9999999999999389,0.9017999982461333
24,Mesh pattern,,2,13,13,11,0.7535835401157982,0.65,0.978494623655914,1.0,0.15384615384615385,0,0,0.9550561797699155,0.9042553191441264,0.9289617481291768,0.867346938771085,0.998413085937439,0.7328999927267432
25,Baseline junction graph,,11,9,9,2,0.6975746465730059,0.6526398967908402,0.86034255599473,0.6,0.8181818181818181,2,3,0.7058823529401385,0.6434316353878774,0.673211780706298,0.5073995771664827,0.9715576171874407,7.579199998872355
25,MLP junction cleanup 0.95,0.95,11,11,11,0,0.6573297287891218,0.6568972746331236,0.8919631093544137,0.3333333333333333,1.0,2,3,0.7496463932096893,0.7104557640741147,0.7295251199398239,0.5742145178758676,0.9760131835936904,7.3921000002883375
25,CNN junction cleanup 0.95,0.95,11,11,11,0,0.6575932334004524,0.6568972746331236,0.8932806324110671,0.3333333333333333,1.0,2,3,0.762376237622684,0.7225201072376374,0.7419132823623809,0.5897155361043876,0.9771118164061904,15.058699995279312
25,Hough Transform,,11,12,12,1,0.7731554318664655,0.8724197710046767,0.8194993412384717,0.5,0.9166666666666666,2,2,0.9999999999984177,0.8471849865940386,0.9172714073395363,0.8471849865940386,0.9930419921874394,1.942799994139932
25,Contour,,11,27,7,16,0.5711908083604631,0.8804011743406133,0.6019032513877876,0.05555555555555555,0.40740740740740744,2,18,0.7121387283228762,0.8257372654144427,0.7647423955290911,0.6190954773863124,0.9768676757811904,4.628500013495795
25,Skeletonisation,,11,25,25,14,0.6014457307117274,0.8375302370585389,0.831357048748353,0.05714285714285714,0.43999999999999995,2,35,0.9999999999984203,0.8485254691677634,0.9180565622286393,0.8485254691677634,0.9931030273436894,4.5704000076511875
25,Run-graph,,11,10,10,1,0.787783355897589,0.905438638929205,0.8221343873517787,0.5,0.9090909090909091,2,2,0.9999999999984177,0.8471849865940386,0.9172714073395363,0.8471849865940386,0.9930419921874394,7.526300003519282
25,Sparse pixel,,11,25,25,14,0.6014457307117274,0.8375302370585389,0.831357048748353,0.05714285714285714,0.43999999999999995,2,35,0.9999999999984203,0.8485254691677634,0.9180565622286393,0.8485254691677634,0.9931030273436894,3.4730000043055043
25,Mesh pattern,,11,33,33,22,0.38686491659830463,0.5150943396226415,0.6086956521739131,0.0,0.33333333333333337,2,0,0.6570247933870723,0.4262734584444688,0.5170731702535528,0.34868421052593346,0.9637451171874412,1.3018000026931986
26,Baseline junction graph,,4,5,5,1,0.6620268100490283,0.732941655366508,0.9693486590038314,0.2333333333333333,0.8,2,6,0.49826989619204753,0.5806451612879813,0.5363128486629284,0.3664122137395257,0.9848022460936898,4.321999993408099
26,MLP junction cleanup 0.95,0.95,4,5,5,1,0.7518634796828672,0.8736174388865758,0.9770114942528736,0.3333333333333333,0.8,2,3,0.7102473498208118,0.8104838709644739,0.7570621463919762,0.6090909090890634,0.9921264648436894,5.311699991580099
26,CNN junction cleanup 0.95,0.95,4,4,4,0,0.9090962709854781,0.9107991772535645,0.9961832061068703,0.8,1.0,2,2,0.63728813559106,0.7580645161259756,0.6924493549339763,0.5295774647872407,0.9898071289061896,8.090700008324347
26,Hough Transform,,4,14,14,10,0.4648254290221836,0.6952941176470587,0.6168582375478927,0.0,0.2857142857142857,2,1,0.8645833333288303,0.6693548387069784,0.754545454050124,0.6058394160561831,0.9934082031249394,0.6695999909425154
26,Contour,,4,62,29,58,0.44088514435262693,0.5565582901432119,0.7699115044247787,0.12,0.06451612903225812,2,5,0.8226600985181151,0.6733870967714783,0.7405764961757514,0.588028169012014,0.9928588867186894,1.3851999974576756
26,Skeletonisation,,4,23,23,19,0.4189415254422125,0.61136319885598,0.632183908045977,0.0,0.17391304347826086,2,24,0.9293478260819058,0.6895161290294778,0.7916666661739755,0.6551724137905932,0.9945068359374393,1.0463000071467832
26,Run-graph,,4,31,31,27,0.38642136869579125,0.5882352941176471,0.5440613026819923,0.0,0.12903225806451613,2,2,0.9999999999941521,0.6895161290294778,0.8162291164580973,0.6895161290294778,0.9953002929686893,3.8149000029079616
26,Sparse pixel,,4,23,23,19,0.4189415254422125,0.61136319885598,0.632183908045977,0.0,0.17391304347826086,2,24,0.9293478260819058,0.6895161290294778,0.7916666661739755,0.6551724137905932,0.9945068359374393,1.632900006370619
26,Mesh pattern,,4,14,14,10,0.4196453523938311,0.5352941176470588,0.7509578544061303,0.0,0.2857142857142857,2,1,0.6342592592563229,0.5524193548364822,0.590517240879143,0.41896024464703685,0.9884033203124396,1.037399997585453
27,Baseline junction graph,,11,12,12,1,0.732703926479483,0.7283968650946335,0.9725433526011561,0.475,0.9166666666666666,7,8,0.8042553191477954,0.8375184638096935,0.8205499271401177,0.695705521471539,0.9848632812499398,8.5553999961121
27,MLP junction cleanup 0.95,0.95,11,15,15,4,0.7577734086094855,0.859824016563147,0.9667630057803468,0.4166666666666666,0.7333333333333334,7,12,0.786421499291674,0.8212703101908105,0.8034682075915593,0.6714975845402518,0.9833984374999399,8.790899999439716
27,CNN junction cleanup 0.95,0.95,11,14,14,3,0.6276785804042653,0.7111180124223604,0.9205202312138728,0.18,0.7857142857142857,7,10,0.6253602305466494,0.6410635155086543,0.6331145144517426,0.46318036285969777,0.9692993164061908,22.12120000331197
27,Hough Transform,,11,16,16,5,0.6418950582530472,0.7726005423331318,0.7702312138728323,0.2857142857142857,0.6875,7,2,0.9999999999981719,0.8079763663208154,0.8937908491773824,0.8079763663208154,0.9920654296874394,1.3227999879745767
27,Contour,,11,41,7,30,0.5174989343305748,0.7148340160786436,0.6184092940125112,0.18124999999999997,0.2682926829268293,7,32,0.5174069627844929,0.6366322008853226,0.5708609266568984,0.3994439295640413,0.9604492187499414,2.1201000054134056
27,Skeletonisation,,11,57,57,46,0.49454441594740894,0.6650728426590495,0.838150289017341,0.03333333333333333,0.19298245614035092,7,102,0.9422066549895933,0.7946824224508203,0.8621794866817125,0.7577464788721722,0.9895019531249396,2.6974999927915633
27,Run-graph,,11,18,18,7,0.6469475328825199,0.8206077887099434,0.8135838150289018,0.21538461538461537,0.6111111111111112,7,13,0.9999999999982332,0.8360413589352496,0.9106999190519989,0.8360413589352496,0.9932250976561894,3.9154999976744875
27,Sparse pixel,,11,57,57,46,0.49454441594740894,0.6650728426590495,0.838150289017341,0.03333333333333333,0.19298245614035092,7,102,0.9422066549895933,0.7946824224508203,0.8621794866817125,0.7577464788721722,0.9895019531249396,2.9380000050878152
27,Mesh pattern,,11,36,36,25,0.43165818363870634,0.567639751552795,0.7283236994219653,0.0,0.3055555555555556,7,0,0.8217054263549967,0.6262924667642152,0.7108130757862047,0.5513654096221698,0.9789428710936903,1.4612000086344779
28,Baseline junction graph,,10,14,14,4,0.7975485851359339,0.8420500940102068,0.9973509933774835,0.5909090909090909,0.7142857142857143,21,22,0.5836477987414043,0.6935724962620425,0.6338797809236026,0.463999999999536,0.9672851562499409,8.035000006202608
28,MLP junction cleanup 0.95,0.95,10,15,15,5,0.7066239609515221,0.7837657802847167,0.8529801324503311,0.4666666666666667,0.6666666666666667,21,13,0.739130434781572,0.7877428998493456,0.7626628070247287,0.616374269005127,0.9799804687499402,9.685099998023361
28,CNN junction cleanup 0.95,0.95,10,16,16,6,0.6848591020278202,0.7493540155788343,0.8662251655629138,0.44761904761904764,0.625,21,16,0.7286501377400432,0.7907324364711649,0.7584229385678477,0.6108545034634979,0.9794311523436902,16.171199997188523
28,Hough Transform,,10,10,10,0,0.5374777626282301,0.6838235294117647,0.4821192052980132,0.13333333333333333,1.0,21,3,0.9973045822075545,0.5530642750365425,0.7115384610781453,0.5522388059693251,0.98168945312494,0.8245000062743202
28,Contour,,10,38,3,28,0.5686165781292442,0.5956222092797516,0.9856396866840731,0.3085714285714285,0.26315789473684215,21,35,0.5657657657647464,0.4693572496256064,0.5130718949283355,0.34505494505456585,0.9636230468749412,4.373099989606999
28,Skeletonisation,,10,84,84,74,0.38706091006811577,0.5505882352941176,0.5576158940397351,0.06347305389221558,0.11904761904761907,21,167,0.9949494949469825,0.5889387144983723,0.7399061028178502,0.5871833084939089,0.9830932617186899,5.982699993182905
28,Run-graph,,10,15,15,5,0.6137110440202571,0.7926470588235294,0.5350993377483444,0.3333333333333333,0.6666666666666667,21,24,0.9999999999974359,0.582959641254734,0.7365439088817556,0.582959641254734,0.9829711914061899,6.899600004544482
28,Sparse pixel,,10,84,84,74,0.38706091006811577,0.5505882352941176,0.5576158940397351,0.06347305389221558,0.11904761904761907,21,167,0.9949494949469825,0.5889387144983723,0.7399061028178502,0.5871833084939089,0.9830932617186899,4.302400004235096
28,Mesh pattern,,10,25,25,15,0.34778876119984425,0.47794117647058826,0.4635761589403974,0.0,0.4,21,0,0.7755681818159785,0.4080717488783138,0.5347698330437233,0.36497326203159763,0.9710083007811907,2.0115999941481277
29,Baseline junction graph,,3,3,3,0,0.9291975558554505,0.95582995951417,0.9953703703703703,0.8,1.0,1,1,0.9159292035357702,0.9999999999951691,0.9561200918752992,0.9159292035357702,0.998840332031189,4.050599993206561
29,MLP junction cleanup 0.95,0.95,3,4,4,1,0.5824102564102565,0.6646153846153846,0.7916666666666666,0.19999999999999996,0.75,1,1,0.5531914893587596,0.502415458934771,0.5265822779795033,0.3573883161499746,0.9885864257811896,4.522399991401471
29,CNN junction cleanup 0.95,0.95,3,4,4,1,0.5824102564102565,0.6646153846153846,0.7916666666666666,0.19999999999999996,0.75,1,1,0.5531914893587596,0.502415458934771,0.5265822779795033,0.3573883161499746,0.9885864257811896,7.9230999981518835
29,Hough Transform,,3,2,2,1,0.5776353276353277,0.7692307692307693,0.8240740740740741,0.0,0.6666666666666667,1,0,0.9999999999944446,0.8695652173871036,0.9302325576371613,0.8695652173871036,0.998352050781189,1.1787999974330887
29,Contour,,3,6,2,3,0.4492259656536755,0.6219754423979775,0.5966850828729282,0.0,0.5,1,4,0.43243243243076285,0.5410628019297533,0.4806866947831329,0.3163841807900667,0.9852294921874398,0.7477000035578385
29,Skeletonisation,,3,2,2,1,0.5776353276353277,0.7692307692307693,0.8240740740740741,0.0,0.6666666666666667,1,0,0.9999999999944446,0.8695652173871036,0.9302325576371613,0.8695652173871036,0.998352050781189,0.9232000011252239
29,Run-graph,,3,2,2,1,0.5776353276353277,0.7692307692307693,0.8240740740740741,0.0,0.6666666666666667,1,0,0.9999999999944446,0.8695652173871036,0.9302325576371613,0.8695652173871036,0.998352050781189,3.4410999942338094
29,Sparse pixel,,3,2,2,1,0.5776353276353277,0.7692307692307693,0.8240740740740741,0.0,0.6666666666666667,1,0,0.9999999999944446,0.8695652173871036,0.9302325576371613,0.8695652173871036,0.998352050781189,0.9908000065479428
29,Mesh pattern,,3,14,14,11,0.4279100529100529,0.5,0.9074074074074074,0.0,0.2142857142857143,1,0,0.8918918918870709,0.7971014492715116,0.8418367341911573,0.7268722466928332,0.9962158203124392,0.8027000003494322
30,Baseline junction graph,,11,12,12,1,0.9295992103518239,0.9830449179152244,0.9986449864498645,0.7833333333333333,0.9166666666666666,10,12,0.7068126520672666,0.8870229007620045,0.7867298573252319,0.6484374999992764,0.9807739257811902,8.400700011407025
30,MLP junction cleanup 0.95,0.95,11,16,16,5,0.6862767072241807,0.745114377277917,0.9565807327001357,0.36363636363636365,0.6875,10,11,0.6961538461529536,0.8290076335865206,0.7567944245898472,0.6087443946181517,0.9786987304686903,8.83990000875201
30,CNN junction cleanup 0.95,0.95,11,16,16,5,0.7527436849812746,0.8360118975763589,0.9389416553595658,0.48,0.6875,10,8,0.7565445026168108,0.8824427480902558,0.8146582095088493,0.6872770511287905,0.9839477539061899,29.461999991326593
30,Hough Transform,,11,8,8,3,0.45874668401960517,0.5903401360544218,0.4518317503392131,0.12,0.7272727272727273,10,2,0.991202346038149,0.5160305343503572,0.6787148589860829,0.5136778115493713,0.9804687499999402,0.778900008299388
30,Contour,,11,27,6,16,0.5709871493255221,0.633294823238305,0.9294436906377205,0.2375,0.40740740740740744,10,16,0.7819548872160853,0.4763358778618682,0.5920303600596822,0.4204851752015896,0.9737548828124405,2.1297999919625
30,Skeletonisation,,11,30,30,19,0.48155107177671375,0.7195918367346937,0.4694708276797829,0.10869565217391304,0.3666666666666667,10,46,0.9999999999971099,0.5282442748083538,0.6913086908549552,0.5282442748083538,0.98114013671869,1.7509999888716266
30,Run-graph,,11,8,8,3,0.6189077340569877,0.7333333333333333,0.45590230664857534,0.5,0.7272727272727273,10,6,0.9999999999970327,0.5145038167931076,0.6794354834209787,0.5145038167931076,0.9805908203124402,3.6394999915501103
30,Sparse pixel,,11,30,30,19,0.48155107177671375,0.7195918367346937,0.4694708276797829,0.10869565217391304,0.3666666666666667,10,46,0.9999999999971099,0.5282442748083538,0.6913086908549552,0.5282442748083538,0.98114013671869,1.7293000128120184
30,Mesh pattern,,11,25,25,14,0.33835719823886135,0.4430612244897959,0.4748982360922659,0.0,0.43999999999999995,10,0,0.8119658119634987,0.4351145038161296,0.5666003971588461,0.39528432732261404,0.9733886718749406,1.0959999926853925
31,Baseline junction graph,,3,3,3,0,1.0,1.0,1.0,1.0,1.0,0,0,0.9999999999901961,0.9999999999901961,0.999999999490196,0.9999999999901961,0.9999999999999389,5.975399995804764
31,MLP junction cleanup 0.95,0.95,3,3,3,0,1.0,1.0,1.0,1.0,1.0,0,0,0.9999999999901961,0.9999999999901961,0.999999999490196,0.9999999999901961,0.9999999999999389,2.9569000034825876
31,CNN junction cleanup 0.95,0.95,3,3,3,0,1.0,1.0,1.0,1.0,1.0,0,0,0.9999999999901961,0.9999999999901961,0.999999999490196,0.9999999999901961,0.9999999999999389,3.602400000090711
31,Hough Transform,,3,5,5,2,0.893358585858586,0.8833333333333333,0.9292929292929293,1.0,0.6,0,0,0.9999999999896907,0.9509803921475394,0.9748743713498143,0.9509803921475394,0.9996948242186889,0.588800001423806
31,Contour,,3,6,3,3,0.7738163992869875,0.8372390572390571,0.4852941176470589,1.0,0.5,0,0,0.9622641509343183,0.9999999999901961,0.9807692302599851,0.9622641509343183,0.9997558593749389,0.5169999931240454
31,Skeletonisation,,3,3,3,0,1.0,1.0,1.0,1.0,1.0,0,0,0.9999999999901961,0.9999999999901961,0.999999999490196,0.9999999999901961,0.9999999999999389,0.639899997622706
31,Run-graph,,3,3,3,0,1.0,1.0,1.0,1.0,1.0,0,0,0.9999999999901961,0.9999999999901961,0.999999999490196,0.9999999999901961,0.9999999999999389,4.3175999890081584
31,Sparse pixel,,3,3,3,0,1.0,1.0,1.0,1.0,1.0,0,0,0.9999999999901961,0.9999999999901961,0.999999999490196,0.9999999999901961,0.9999999999999389,0.6690000009257346
31,Mesh pattern,,3,9,9,6,0.7329761904761906,0.65,0.7857142857142857,1.0,0.33333333333333337,0,0,0.8620689655098097,0.9803921568531334,0.9174311921541958,0.8474576271114622,0.998901367187439,0.6162000063341111
32,Baseline junction graph,,1,1,1,0,0.9415,0.87,1.0,1.0,1.0,0,0,0.7333333333170371,0.9999999999696971,0.8461538456439842,0.7333333333170371,0.9992675781249389,1.1966000020038337
32,MLP junction cleanup 0.95,0.95,1,1,1,0,0.9415,0.87,1.0,1.0,1.0,0,0,0.7333333333170371,0.9999999999696971,0.8461538456439842,0.7333333333170371,0.9992675781249389,4.199500006507151
32,CNN junction cleanup 0.95,0.95,1,1,1,0,0.9415,0.87,1.0,1.0,1.0,0,0,0.7333333333170371,0.9999999999696971,0.8461538456439842,0.7333333333170371,0.9992675781249389,2.9913000034866855
32,Hough Transform,,1,0,0,1,0.25,0.0,0.0,1.0,0.0,0,0,0.0,0.0,0.0,0.0,0.997985839843689,1.0746000043582171
32,Contour,,1,0,0,1,0.25,0.0,0.0,1.0,0.0,0,0,0.0,0.0,0.0,0.0,0.997985839843689,0.2798999921651557
32,Skeletonisation,,1,0,0,1,0.25,0.0,0.0,1.0,0.0,0,0,0.0,0.0,0.0,0.0,0.997985839843689,0.24140000459738076
32,Run-graph,,1,0,0,1,0.25,0.0,0.0,1.0,0.0,0,0,0.0,0.0,0.0,0.0,0.997985839843689,3.908500002580695
32,Sparse pixel,,1,0,0,1,0.25,0.0,0.0,1.0,0.0,0,0,0.0,0.0,0.0,0.0,0.997985839843689,0.3462000022409484
32,Mesh pattern,,1,0,0,1,0.25,0.0,0.0,1.0,0.0,0,0,0.0,0.0,0.0,0.0,0.997985839843689,0.32560000545345247
33,Baseline junction graph,,16,24,24,8,0.6449096769756254,0.6710038346035124,0.95042194092827,0.34482758620689646,0.6666666666666667,19,29,0.5731225296437025,0.683156654887299,0.6233207947745254,0.45277127244305015,0.9572143554686916,9.628700005123392
33,MLP junction cleanup 0.95,0.95,16,23,23,7,0.6674356431844728,0.7668519887219075,0.869198312236287,0.31578947368421056,0.6956521739130435,19,18,0.7033333333325519,0.7455830388683797,0.7238421950399061,0.5672043010747606,0.9705200195311907,12.48699999996461
33,CNN junction cleanup 0.95,0.95,16,21,21,5,0.6388777874735476,0.7279744183915271,0.859704641350211,0.2526315789473685,0.7619047619047619,19,12,0.7164502164494411,0.7797408716127447,0.7467569086935096,0.5958595859580595,0.9725952148436906,21.098700002767146
33,Hough Transform,,16,10,10,6,0.49185820647089984,0.6893675839506809,0.4641350210970464,0.10526315789473684,0.625,19,2,0.9955456570133729,0.5265017667838322,0.6887519255864837,0.525264394828995,0.9753417968749405,0.6853999948361889
33,Contour,,16,55,9,39,0.5906655992207663,0.6770612862274804,0.9767932489451476,0.24615384615384614,0.2909090909090909,19,52,0.632683658169966,0.4970553592455865,0.5567282316964455,0.3857404021934317,0.9589843749999415,1.7602000007173046
33,Skeletonisation,,16,81,81,65,0.44525784633545146,0.6845694700644487,0.5137130801687764,0.058823529411764705,0.19753086419753085,19,153,0.9936034115117407,0.5488810365128989,0.7071320177498981,0.5469483568068698,0.9764404296874404,6.827799996244721
33,Run-graph,,16,21,21,5,0.6238312228480256,0.780647673222162,0.4926160337552743,0.391304347826087,0.7619047619047619,19,23,0.9999999999978166,0.5394581861006602,0.7008416215788704,0.5394581861006602,0.9761352539061904,3.7127999967196956
33,Sparse pixel,,16,81,81,65,0.44525784633545146,0.6845694700644487,0.5137130801687764,0.058823529411764705,0.19753086419753085,19,153,0.9936034115117407,0.5488810365128989,0.7071320177498981,0.5469483568068698,0.9764404296874404,7.264999992912635
33,Mesh pattern,,16,27,27,11,0.3663475581169314,0.5052032520325204,0.3987341772151899,0.0,0.5925925925925926,19,0,0.6441102756876088,0.30270906949316523,0.41185897392332216,0.25933400605422874,0.9552001953124417,2.402700003585778
34,Baseline junction graph,,16,29,29,13,0.6115332778112891,0.5968767577647348,0.9054982817869416,0.42666666666666647,0.5517241379310345,40,45,0.619755244754703,0.6694995278558362,0.6436677253285757,0.47456492637183767,0.9520874023436918,15.081999998074025
34,MLP junction cleanup 0.95,0.95,16,27,27,11,0.5940934211489975,0.6724455220306516,0.761168384879725,0.32000000000000006,0.5925925925925926,40,23,0.646616541352689,0.5684608120863376,0.6050251251296013,0.433717579250408,0.9520263671874418,15.366799998446368
34,CNN junction cleanup 0.95,0.95,16,28,28,12,0.5509434806662679,0.6114908854166667,0.6743986254295533,0.3349999999999999,0.5714285714285714,40,28,0.5976470588228263,0.4796978281393015,0.5322158193063784,0.36259814418246783,0.9454956054686923,27.841899995109998
34,Hough Transform,,16,33,33,17,0.5993081994302811,0.7814688440253601,0.6520618556701031,0.27499999999999997,0.48484848484848486,40,13,0.9112499999988609,0.688385269121163,0.7842926299553381,0.6451327433622609,0.9755249023436904,1.4254999987315387
34,Contour,,16,158,39,142,0.5632059916672061,0.7162515245598144,0.7543745949449125,0.31956521739130445,0.10126582278481011,40,92,0.44480519480483377,0.5174693106699552,0.4783937140375709,0.31440045897859187,0.9270629882811934,4.194299996015616
34,Skeletonisation,,16,279,279,263,0.47589743347697966,0.6772395833333333,0.7723367697594502,0.04374999999999998,0.05734767025089604,40,544,0.9596083231322404,0.7403210576008118,0.8358208950298172,0.7179487179480605,0.98120117187494,5.761500011431053
34,Run-graph,,16,77,77,61,0.5808487419801363,0.849314476284585,0.7018900343642611,0.15,0.20779220779220775,40,80,0.9999999999987484,0.7544853635498069,0.8600645850847533,0.7544853635498069,0.9841308593749399,5.189700008486398
34,Sparse pixel,,16,279,279,263,0.47589743347697966,0.6772395833333333,0.7723367697594502,0.04374999999999998,0.05734767025089604,40,544,0.9596083231322404,0.7403210576008118,0.8358208950298172,0.7179487179480605,0.98120117187494,12.115299992728978
34,Mesh pattern,,16,38,38,22,0.41480326036579857,0.61953125,0.45704467353951894,0.01,0.42105263157894735,40,1,0.5425170068017985,0.30122757318196297,0.3873709770753323,0.2402108433733131,0.9384155273436927,1.7490000027464703
35,Baseline junction graph,,11,12,12,1,0.8733880392463492,0.8746083722146524,0.9824046920821115,0.7666666666666667,0.9166666666666666,12,12,0.816186556926178,0.9770114942512693,0.8893871444952184,0.8008075370110352,0.9909667968749395,8.491599990520626
35,MLP junction cleanup 0.95,0.95,11,13,13,2,0.653133957440409,0.5755555555555556,0.9017595307917888,0.5166666666666666,0.8461538461538461,12,7,0.6824427480905612,0.733990147782046,0.7072784805122013,0.5471236230103462,0.9774169921874403,10.692800002289005
35,CNN junction cleanup 0.95,0.95,11,14,14,3,0.7054436982528145,0.6100311325818571,0.907624633431085,0.6833333333333332,0.7857142857142857,12,12,0.7264437689958565,0.7848932676505995,0.7545382788997146,0.6058301647647582,0.98101806640619,14.842100004898384
35,Hough Transform,,11,12,12,1,0.45875320952071347,0.5361508272829149,0.5249266862170088,0.08333333333333333,0.9166666666666666,12,1,0.9866310160401427,0.6059113300482661,0.7507629700255223,0.6009771986960897,0.9850463867186898,1.3273999938974157
35,Contour,,11,43,11,32,0.521928829838663,0.5637207257762813,0.8985507246376812,0.2518518518518518,0.2558139534883721,12,27,0.23076923076889583,0.26108374384193583,0.24499229534127528,0.13959613696212503,0.9401855468749426,2.9055000049993396
35,Skeletonisation,,11,25,25,14,0.4827473118613171,0.634698377307073,0.5615835777126099,0.16326530612244897,0.43999999999999995,12,49,0.9402597402572981,0.5944170771747218,0.7283702208518941,0.572784810125676,0.9835205078124399,3.439099993556738
35,Run-graph,,11,13,13,2,0.49821210450242714,0.5893004115226338,0.533724340175953,0.16666666666666666,0.8461538461538461,12,2,0.9999999999973334,0.6157635467970185,0.7621951214779459,0.6157635467970185,0.9857177734374398,6.422799997380935
35,Sparse pixel,,11,25,25,14,0.4827473118613171,0.634698377307073,0.5615835777126099,0.16326530612244897,0.43999999999999995,12,49,0.9402597402572981,0.5944170771747218,0.7283702208518941,0.572784810125676,0.9835205078124399,3.6952000082237646
35,Mesh pattern,,11,25,25,14,0.36113929618768326,0.4766666666666666,0.5131964809384164,0.0,0.43999999999999995,12,0,0.631284916199354,0.3711001642030031,0.4674250253858745,0.30499325236126185,0.9685668945311908,1.9757999980356544
36,Baseline junction graph,,18,19,19,1,0.7253230977309171,0.7142491677417374,0.8413251961639059,0.5636363636363637,0.9473684210526316,22,20,0.6303696303690006,0.5975378787873129,0.6135148269183316,0.4424964936883293,0.9514770507811919,18.208599998615682
36,MLP junction cleanup 0.95,0.95,18,24,24,6,0.6883807402199182,0.7419398517616811,0.7384481255448998,0.5272727272727273,0.75,22,17,0.6723744292229767,0.5577651515146234,0.6097308483649925,0.43857036485447615,0.9539794921874417,29.751199996098876
36,CNN junction cleanup 0.95,0.95,18,21,21,3,0.6729199268365892,0.6927247318943756,0.7523975588491718,0.5,0.8571428571428572,22,16,0.624439461882708,0.5274621212116217,0.5718685826651744,0.40043134435629013,0.949096679687442,31.070299999555573
36,Hough Transform,,18,21,21,3,0.7145896066900527,0.7309705467493156,0.7837837837837838,0.5727272727272728,0.8571428571428572,22,15,0.955898566702364,0.8210227272719498,0.8833418232411554,0.7910583941598622,0.9860229492186898,1.3719999988097697
36,Contour,,18,115,18,97,0.49772001224978263,0.6775688351311621,0.6358093126385809,0.20000000000000007,0.15652173913043477,22,87,0.4446808510635144,0.5937499999994378,0.5085158145950495,0.34094616639459435,0.9260253906249435,5.921799995121546
36,Skeletonisation,,18,191,191,173,0.5133647654417691,0.7080347660680071,0.8770706190061028,0.03964365256124722,0.09424083769633507,22,449,0.9872068230266661,0.876893939393109,0.9287863585780511,0.8670411985010609,0.9913330078124395,7.15170000330545
36,Run-graph,,18,46,46,28,0.6549267699781008,0.8736761443839485,0.8291194420226679,0.22727272727272727,0.3913043478260869,22,66,0.9999999999989259,0.881628787877953,0.9370910915996765,0.881628787877953,0.9923706054686894,5.336999995051883
36,Sparse pixel,,18,191,191,173,0.5133647654417691,0.7080347660680071,0.8770706190061028,0.03964365256124722,0.09424083769633507,22,449,0.9872068230266661,0.876893939393109,0.9287863585780511,0.8670411985010609,0.9913330078124395,8.408699999563396
36,Mesh pattern,,18,42,42,24,0.3947802144856475,0.5542105263157895,0.5126416739319966,0.0,0.4285714285714286,22,0,0.5666666666657673,0.3380681818178617,0.4234875440154043,0.26862302483049766,0.9406738281249426,3.503400002955459
37,Baseline junction graph,,13,15,15,2,0.882715954899127,0.920842765174164,0.9976359338061466,0.7285714285714286,0.8666666666666667,14,14,0.820457018497475,0.9766839378225691,0.8917800113300448,0.8046958377792907,0.9888305664061896,20.571600005496293
37,MLP junction cleanup 0.95,0.95,13,18,18,5,0.6446545500582969,0.7512080173534595,0.7612293144208038,0.3285714285714286,0.7222222222222222,14,13,0.6597325408608326,0.5751295336780115,0.6145328714738146,0.44355644355600043,0.966003417968691,13.373900001170114
37,CNN junction cleanup 0.95,0.95,13,19,19,6,0.6232083649022673,0.685729469498674,0.8203309692671394,0.3285714285714286,0.6842105263157895,14,11,0.6566970091018769,0.6541450777193599,0.6554185588761791,0.48745173745126696,0.9675903320311909,29.057399995508604
37,Hough Transform,,13,8,8,5,0.6136955959449113,0.7564728695091731,0.6122931442080378,0.35714285714285715,0.6153846153846154,14,5,0.9961612284049978,0.6722797927452432,0.802784222255419,0.6705426356580484,0.9844360351561899,1.253599999472499
37,Contour,,13,49,3,36,0.5465922206142304,0.680581577388508,0.8087954110898662,0.20816326530612245,0.26530612244897955,14,49,0.4082313681864202,0.47538860103565367,0.4392579288859651,0.2814417177911952,0.9428100585936924,3.294200010714121
37,Skeletonisation,,13,74,74,61,0.45459763075002807,0.6515036339699543,0.6465721040189125,0.05815602836879432,0.17567567567567566,14,141,0.9619771863099582,0.655440414506923,0.7796610164659105,0.6388888888880823,0.98254394531244,4.030199997941963
37,Run-graph,,13,10,10,3,0.6396759555544052,0.778442923657445,0.615839243498818,0.35714285714285715,0.7692307692307692,14,8,0.999999999998088,0.6774611398954955,0.8077220072392457,0.6774611398954955,0.9848022460936898,4.549499994027428
37,Sparse pixel,,13,74,74,61,0.45459763075002807,0.6515036339699543,0.6465721040189125,0.05815602836879432,0.17567567567567566,14,141,0.9619771863099582,0.655440414506923,0.7796610164659105,0.6388888888880823,0.98254394531244,5.752299999585375
37,Mesh pattern,,13,26,26,13,0.2698490391592351,0.2973267326732673,0.43026004728132383,0.0,0.5,14,0,0.5191815856764216,0.26295336787530704,0.349097162063809,0.21145833333311306,0.9537963867186917,1.1726999946404248
38,Baseline junction graph,,13,13,13,0,0.9313102213963976,0.9608598609167742,0.9946164199192463,0.7999999999999999,1.0,6,6,0.8638676844772725,0.9812138728309521,0.9188092011245951,0.849812265330601,0.9926757812499394,17.25159998750314
38,MLP junction cleanup 0.95,0.95,13,13,13,0,0.7187247451542388,0.7834313247416695,0.8586810228802153,0.37777777777777777,1.0,6,9,0.7789799072630927,0.7283236994209128,0.7528005969602319,0.6035928143705346,0.9797973632811902,10.917699997662567
38,CNN junction cleanup 0.95,0.95,13,13,13,0,0.5430510424503914,0.5886902683035964,0.6823687752355316,0.16666666666666666,1.0,6,3,0.6588868940742211,0.5303468208084822,0.5876701356137874,0.41609977324215863,0.9685668945311908,14.773399991099723
38,Hough Transform,,13,11,11,2,0.5970063746421402,0.7445735673891014,0.6783310901749664,0.16666666666666666,0.8461538461538461,6,1,0.9999999999980544,0.7427745664729151,0.8524046429588982,0.7427745664729151,0.9891357421874396,0.8751000132178888
38,Contour,,13,33,5,20,0.5253334530534568,0.6877768347169358,0.7062737642585551,0.14074074074074075,0.3939393939393939,6,27,0.45555555555499316,0.5332369942188826,0.4913448730044291,0.32568402471286345,0.9533691406249418,1.847999999881722
38,Skeletonisation,,13,42,41,29,0.5371656475347594,0.7651178451178453,0.7227456258411844,0.06944444444444445,0.30952380952380953,6,72,0.9661016949134349,0.7413294797677149,0.8389206863429431,0.722535211266588,0.9879760742186897,2.213100000517443
38,Run-graph,,13,10,10,3,0.7497734046063438,0.8114085842241182,0.7052489905787349,0.6666666666666666,0.7692307692307692,6,4,0.9999999999981132,0.7658959537561186,0.8674304414058946,0.7658959537561186,0.9901123046874395,4.17590000142809
38,Sparse pixel,,13,41,41,28,0.518360032788319,0.7332996632996635,0.6917900403768507,0.07323943661971831,0.31707317073170727,6,71,0.8560460652574741,0.6445086705192998,0.7353668585359294,0.5814863102991115,0.9804077148436902,2.5661999970907345
38,Mesh pattern,,13,28,28,15,0.3912649228295258,0.5318181818181819,0.5275908479138627,0.0,0.4642857142857143,6,0,0.6209476309211448,0.35982658959485575,0.4556267149966392,0.2950236966821149,0.9636840820311912,1.268399995751679
39,Baseline junction graph,,1,1,1,0,1.0,1.0,1.0,1.0,1.0,0,0,0.9999999999836067,0.9999999999836067,0.9999999994836066,0.9999999999836067,0.9999999999999389,1.57789999502711
39,MLP junction cleanup 0.95,0.95,1,1,1,0,1.0,1.0,1.0,1.0,1.0,0,0,0.9999999999836067,0.9999999999836067,0.9999999994836066,0.9999999999836067,0.9999999999999389,3.769599992665462
39,CNN junction cleanup 0.95,0.95,1,1,1,0,1.0,1.0,1.0,1.0,1.0,0,0,0.9999999999836067,0.9999999999836067,0.9999999994836066,0.9999999999836067,0.9999999999999389,6.790999992517754
39,Hough Transform,,1,1,1,0,1.0,1.0,1.0,1.0,1.0,0,0,0.9999999999836067,0.9999999999836067,0.9999999994836066,0.9999999999836067,0.9999999999999389,2.0315000001573935
39,Contour,,1,2,1,1,0.830860655737705,0.961111111111111,0.4918032786885246,1.0,0.5,0,0,0.9682539682385992,0.9999999999836067,0.9838709672261968,0.9682539682385992,0.9998779296874389,0.4276999970898032
39,Skeletonisation,,1,1,1,0,1.0,1.0,1.0,1.0,1.0,0,0,0.9999999999836067,0.9999999999836067,0.9999999994836066,0.9999999999836067,0.9999999999999389,0.46490000386256725
39,Run-graph,,1,1,1,0,1.0,1.0,1.0,1.0,1.0,0,0,0.9999999999836067,0.9999999999836067,0.9999999994836066,0.9999999999836067,0.9999999999999389,3.0574999982491136
39,Sparse pixel,,1,1,1,0,1.0,1.0,1.0,1.0,1.0,0,0,0.9999999999836067,0.9999999999836067,0.9999999994836066,0.9999999999836067,0.9999999999999389,0.4380999889690429
39,Mesh pattern,,1,5,5,4,0.7339285714285715,0.65,0.8571428571428572,1.0,0.19999999999999996,0,0,0.8769230769095857,0.9344262294928783,0.9047619042480473,0.8260869565097668,0.9992675781249389,0.4776999994646758
