method,sample,ml_threshold,true_vectors,pred_segments,pred_polylines,vector_count_error,engineering_score,line_geometry_score,total_length_score,junction_angle_score,vector_count_score,true_junctions,pred_junctions,pixel_precision,pixel_recall,pixel_f1,pixel_iou,pixel_accuracy,time_ms
Baseline junction graph,19.5,,10.1,11.65,11.65,1.8,0.8354,0.8408,0.9608,0.7003,0.8978,10.125,10.175,0.7827,0.8517,0.8142,0.715,0.9839,9.1803
MLP junction cleanup 0.95,19.5,0.95,10.1,13.35,13.35,3.3,0.722,0.768,0.8722,0.4826,0.8127,10.125,8.675,0.7203,0.7208,0.7182,0.5915,0.978,9.4469
CNN junction cleanup 0.95,19.5,0.95,10.1,13.5,13.5,3.45,0.7144,0.7497,0.864,0.4905,0.8154,10.125,8.925,0.7113,0.7142,0.7098,0.5823,0.9773,18.0931
Run-graph,19.5,,10.1,14.275,14.275,5.825,0.6683,0.7608,0.672,0.4894,0.692,10.125,10.875,0.95,0.7202,0.8123,0.7202,0.9903,5.2619
Hough Transform,19.5,,10.1,10.425,10.425,2.975,0.6366,0.7252,0.6592,0.4173,0.741,10.125,3.225,0.9368,0.7039,0.7966,0.6967,0.9892,1.1061
Skeletonisation,19.5,,10.1,57.9,57.8,48.15,0.5584,0.7139,0.699,0.2438,0.3636,10.125,109.85,0.9339,0.7172,0.8046,0.7086,0.9897,3.1014
Sparse pixel,19.5,,10.1,57.8,57.8,48.05,0.5577,0.7127,0.6979,0.244,0.3639,10.125,109.75,0.9293,0.7134,0.8005,0.7029,0.9894,3.4648
Contour,19.5,,10.1,42.1,8.15,32.1,0.543,0.6501,0.6897,0.33,0.3003,10.125,31.475,0.5582,0.5869,0.5682,0.4362,0.9668,2.6013
Mesh pattern,19.5,,10.1,23.525,23.525,13.525,0.4364,0.5187,0.5676,0.2002,0.3939,10.125,0.15,0.6644,0.4587,0.5336,0.3942,0.9723,1.3743
