method,sample,true_vectors,pred_vectors,vector_count_error,engineering_score,line_geometry_score,total_length_score,junction_angle_score,vector_count_score,true_junctions,pred_junctions,pixel_precision_on_skeleton,pixel_recall_on_skeleton,pixel_f1_on_skeleton,pixel_iou_on_skeleton,pixel_accuracy_on_skeleton,raw_stroke_pixels,skeleton_stroke_pixels,junction_nodes,traced_paths,internal_skeletonization_applied
baseline_on_shared_skeleton,0,3,3,0,0.985252808988764,0.9722222222222221,0.9887640449438202,1.0,1.0,0,0,0.9999999999890109,0.9999999999890109,0.999999999489011,0.9999999999890109,0.9999999999999389,156,91,6,3,
skeleton_junction_fix_on_shared_skeleton,0,3,3,0,0.985252808988764,0.9722222222222221,0.9887640449438202,1.0,1.0,0,0,0.9999999999890109,0.9999999999890109,0.999999999489011,0.9999999999890109,0.9999999999999389,156,91,6,3,False
baseline_on_shared_skeleton,1,3,3,0,0.9644033605859623,0.9346420613250479,0.9690721649484536,1.0,1.0,0,0,0.9999999999891304,0.9999999999891304,0.9999999994891304,0.9999999999891304,0.9999999999999389,295,92,6,3,
skeleton_junction_fix_on_shared_skeleton,1,3,3,0,0.9644033605859623,0.9346420613250479,0.9690721649484536,1.0,1.0,0,0,0.9999999999891304,0.9999999999891304,0.9999999994891304,0.9999999999891304,0.9999999999999389,295,92,6,3,False
baseline_on_shared_skeleton,2,1,1,0,0.8611111111111112,0.7407407407407408,0.8888888888888888,1.0,1.0,0,0,0.9999999999166667,0.9999999999166667,0.9999999994166666,0.9999999999166667,0.9999999999999389,40,12,2,1,
skeleton_junction_fix_on_shared_skeleton,2,1,1,0,0.8611111111111112,0.7407407407407408,0.8888888888888888,1.0,1.0,0,0,0.9999999999166667,0.9999999999166667,0.9999999994166666,0.9999999999166667,0.9999999999999389,40,12,2,1,False
baseline_on_shared_skeleton,3,5,4,1,0.7733736287700306,0.6760245937637243,0.9458128078817734,0.8,0.8,1,1,0.9589743589694412,0.9589743589694412,0.9589743584694411,0.9211822660053144,0.999023437499939,471,195,9,6,
skeleton_junction_fix_on_shared_skeleton,3,5,4,1,0.7733736287700306,0.6760245937637243,0.9458128078817734,0.8,0.8,1,1,0.9589743589694412,0.9589743589694412,0.9589743584694411,0.9211822660053144,0.999023437499939,471,195,9,6,False
baseline_on_shared_skeleton,4,4,4,0,0.9550503910650231,0.9112789259848084,0.9748743718592965,1.0,1.0,0,0,0.9999999999949496,0.9999999999949496,0.9999999994949496,0.9999999999949496,0.9999999999999389,477,198,8,4,
skeleton_junction_fix_on_shared_skeleton,4,4,4,0,0.9550503910650231,0.9112789259848084,0.9748743718592965,1.0,1.0,0,0,0.9999999999949496,0.9999999999949496,0.9999999994949496,0.9999999999949496,0.9999999999999389,477,198,8,4,False
baseline_on_shared_skeleton,5,5,5,0,0.8972359020160744,0.7868300196748472,0.9658119658119658,1.0,1.0,0,0,0.8676470588192763,0.8388625592377306,0.8530120476888025,0.7436974789884719,0.9962768554686892,558,211,17,13,
skeleton_junction_fix_on_shared_skeleton,5,5,5,0,0.8972359020160744,0.7868300196748472,0.9658119658119658,1.0,1.0,0,0,0.8676470588192763,0.8388625592377306,0.8530120476888025,0.7436974789884719,0.9962768554686892,558,211,17,13,False
baseline_on_shared_skeleton,6,4,4,0,0.9754508404990839,0.9549025769956003,0.9787234042553191,1.0,1.0,0,0,0.9999999999946809,0.9999999999946809,0.9999999994946809,0.9999999999946809,0.9999999999999389,446,188,8,4,
skeleton_junction_fix_on_shared_skeleton,6,4,4,0,0.9754508404990839,0.9549025769956003,0.9787234042553191,1.0,1.0,0,0,0.9999999999946809,0.9999999999946809,0.9999999994946809,0.9999999999946809,0.9999999999999389,446,188,8,4,False
baseline_on_shared_skeleton,7,1,1,0,0.9739583333333334,0.951388888888889,0.9791666666666666,1.0,1.0,0,0,0.9999999999791668,0.9999999999791668,0.9999999994791668,0.9999999999791668,0.9999999999999389,153,48,2,1,
skeleton_junction_fix_on_shared_skeleton,7,1,1,0,0.9739583333333334,0.951388888888889,0.9791666666666666,1.0,1.0,0,0,0.9999999999791668,0.9999999999791668,0.9999999994791668,0.9999999999791668,0.9999999999999389,153,48,2,1,False
baseline_on_shared_skeleton,8,3,3,0,0.9773774509803922,0.9580610021786493,0.98125,1.0,1.0,1,1,0.9999999999937108,0.9999999999937108,0.9999999994937108,0.9999999999937108,0.9999999999999389,410,159,7,5,
skeleton_junction_fix_on_shared_skeleton,8,3,3,0,0.9773774509803922,0.9580610021786493,0.98125,1.0,1.0,1,1,0.9999999999937108,0.9999999999937108,0.9999999994937108,0.9999999999937108,0.9999999999999389,410,159,7,5,False
baseline_on_shared_skeleton,9,2,2,0,0.9906615985206492,0.9820788530465949,0.9936305732484076,1.0,1.0,0,0,0.9664429530136481,0.9664429530136481,0.9664429525136481,0.9350649350588632,0.9993896484374389,516,149,4,2,
skeleton_junction_fix_on_shared_skeleton,9,2,2,0,0.9906615985206492,0.9820788530465949,0.9936305732484076,1.0,1.0,0,0,0.9664429530136481,0.9664429530136481,0.9664429525136481,0.9350649350588632,0.9993896484374389,516,149,4,2,False
baseline_on_shared_skeleton,10,3,3,0,0.9821212121212121,0.967003367003367,0.9848484848484849,1.0,1.0,0,0,0.9999999999961977,0.9999999999961977,0.9999999994961977,0.9999999999961977,0.9999999999999389,653,263,6,3,
skeleton_junction_fix_on_shared_skeleton,10,3,3,0,0.9821212121212121,0.967003367003367,0.9848484848484849,1.0,1.0,0,0,0.9999999999961977,0.9999999999961977,0.9999999994961977,0.9999999999961977,0.9999999999999389,653,263,6,3,False
baseline_on_shared_skeleton,11,5,12,7,0.5496352842637825,0.69946386900868,0.9660493827160493,0.0,0.41666666666666663,3,12,0.8790849673173886,0.8733766233737877,0.8762214978684867,0.7797101449252762,0.9953613281249393,866,308,15,14,
skeleton_junction_fix_on_shared_skeleton,11,5,12,7,0.5496352842637825,0.69946386900868,0.9660493827160493,0.0,0.41666666666666663,3,12,0.8790849673173886,0.8733766233737877,0.8762214978684867,0.7797101449252762,0.9953613281249393,866,308,15,14,False
baseline_on_shared_skeleton,12,4,4,0,0.9596284460077785,0.9244698327359618,0.9680851063829787,1.0,1.0,0,0,0.9999999999946237,0.9999999999946237,0.9999999994946238,0.9999999999946237,0.9999999999999389,592,186,8,4,
skeleton_junction_fix_on_shared_skeleton,12,4,4,0,0.9596284460077785,0.9244698327359618,0.9680851063829787,1.0,1.0,0,0,0.9999999999946237,0.9999999999946237,0.9999999994946238,0.9999999999946237,0.9999999999999389,592,186,8,4,False
baseline_on_shared_skeleton,13,5,5,0,0.9213479420007614,0.8854586127460028,0.8644578313253012,1.0,1.0,0,0,0.9999999999965036,0.8313953488347925,0.9079365074378635,0.8313953488347925,0.9964599609374392,991,344,10,5,
skeleton_junction_fix_on_shared_skeleton,13,5,5,0,0.9213479420007614,0.8854586127460028,0.8644578313253012,1.0,1.0,0,0,0.9999999999965036,0.8313953488347925,0.9079365074378635,0.8313953488347925,0.9964599609374392,991,344,10,5,False
baseline_on_shared_skeleton,14,5,5,0,0.7871742732712529,0.8115436705073614,0.9432314410480349,0.5333333333333333,1.0,3,2,0.5879120879088576,0.5752688172012083,0.5815217386273334,0.40996168582218406,0.9906005859374395,565,186,12,10,
skeleton_junction_fix_on_shared_skeleton,14,5,5,0,0.7871742732712529,0.8115436705073614,0.9432314410480349,0.5333333333333333,1.0,3,2,0.5879120879088576,0.5752688172012083,0.5815217386273334,0.40996168582218406,0.9906005859374395,565,186,12,10,False
baseline_on_shared_skeleton,15,3,3,0,0.9752855626326964,0.9507407407407408,0.9872611464968153,1.0,1.0,0,0,0.999999999993671,0.999999999993671,0.999999999493671,0.999999999993671,0.9999999999999389,366,158,6,3,
skeleton_junction_fix_on_shared_skeleton,15,3,3,0,0.9752855626326964,0.9507407407407408,0.9872611464968153,1.0,1.0,0,0,0.999999999993671,0.999999999993671,0.999999999493671,0.999999999993671,0.9999999999999389,366,158,6,3,False
baseline_on_shared_skeleton,16,5,3,2,0.7541470588235295,0.6422222222222222,0.7757352941176471,1.0,0.6,0,0,0.9095744680802683,0.6653696498028585,0.7685393253512638,0.6240875912385982,0.9937133789061893,352,257,8,4,
skeleton_junction_fix_on_shared_skeleton,16,5,3,2,0.7541470588235295,0.6422222222222222,0.7757352941176471,1.0,0.6,0,0,0.9095744680802683,0.6653696498028585,0.7685393253512638,0.6240875912385982,0.9937133789061893,352,257,8,4,False
baseline_on_shared_skeleton,17,5,5,0,0.9922435136396985,0.9858284977433914,0.993103448275862,1.0,1.0,1,1,0.9999999999965754,0.9999999999965754,0.9999999994965754,0.9999999999965754,0.9999999999999389,622,292,11,7,
skeleton_junction_fix_on_shared_skeleton,17,5,5,0,0.9922435136396985,0.9858284977433914,0.993103448275862,1.0,1.0,1,1,0.9999999999965754,0.9999999999965754,0.9999999994965754,0.9999999999965754,0.9999999999999389,622,292,11,7,False
baseline_on_shared_skeleton,18,1,1,0,0.9662162162162162,0.9369369369369369,0.972972972972973,1.0,1.0,0,0,0.9999999999729731,0.9999999999729731,0.9999999994729731,0.9999999999729731,0.9999999999999389,120,37,2,1,
skeleton_junction_fix_on_shared_skeleton,18,1,1,0,0.9662162162162162,0.9369369369369369,0.972972972972973,1.0,1.0,0,0,0.9999999999729731,0.9999999999729731,0.9999999994729731,0.9999999999729731,0.9999999999999389,120,37,2,1,False
baseline_on_shared_skeleton,19,4,4,0,0.8504738851895358,0.9530625344637441,0.9829787234042553,0.5,1.0,2,1,0.9999999999957082,0.9999999999957082,0.9999999994957083,0.9999999999957082,0.9999999999999389,559,233,9,7,
skeleton_junction_fix_on_shared_skeleton,19,4,4,0,0.8504738851895358,0.9530625344637441,0.9829787234042553,0.5,1.0,2,1,0.9999999999957082,0.9999999999957082,0.9999999994957083,0.9999999999957082,0.9999999999999389,559,233,9,7,False
baseline_on_shared_skeleton,20,1,1,0,1.0,1.0,1.0,1.0,1.0,0,0,0.9999999999444444,0.9999999999444444,0.9999999994444444,0.9999999999444444,0.9999999999999389,18,18,2,1,
skeleton_junction_fix_on_shared_skeleton,20,1,1,0,1.0,1.0,1.0,1.0,1.0,0,0,0.9999999999444444,0.9999999999444444,0.9999999994444444,0.9999999999444444,0.9999999999999389,18,18,2,1,False
baseline_on_shared_skeleton,21,5,8,3,0.672007126616005,0.7839301825369144,0.9622641509433962,0.2571428571428572,0.625,2,7,0.8715277777747517,0.8422818791918044,0.8566552895996108,0.749253731341047,0.9948730468749393,926,298,20,17,
skeleton_junction_fix_on_shared_skeleton,21,5,8,3,0.672007126616005,0.7839301825369144,0.9622641509433962,0.2571428571428572,0.625,2,7,0.8715277777747517,0.8422818791918044,0.8566552895996108,0.749253731341047,0.9948730468749393,926,298,20,17,False
baseline_on_shared_skeleton,22,3,3,0,0.9732066320775997,0.9528911948266786,0.972027972027972,1.0,1.0,1,1,0.9663865546137278,0.9663865546137278,0.9663865541137278,0.9349593495858947,0.9995117187499389,392,119,7,5,
skeleton_junction_fix_on_shared_skeleton,22,3,3,0,0.9732066320775997,0.9528911948266786,0.972027972027972,1.0,1.0,1,1,0.9663865546137278,0.9663865546137278,0.9663865541137278,0.9349593495858947,0.9995117187499389,392,119,7,5,False
baseline_on_shared_skeleton,23,3,3,0,0.9356475481872076,0.8703012714206745,0.9700598802395209,1.0,1.0,1,1,0.9999999999939025,0.9999999999939025,0.9999999994939026,0.9999999999939025,0.9999999999999389,511,164,7,5,
skeleton_junction_fix_on_shared_skeleton,23,3,3,0,0.9356475481872076,0.8703012714206745,0.9700598802395209,1.0,1.0,1,1,0.9999999999939025,0.9999999999939025,0.9999999994939026,0.9999999999939025,0.9999999999999389,511,164,7,5,False
baseline_on_shared_skeleton,24,2,2,0,0.9605476360889101,0.9211289602855868,0.9801980198019802,1.0,1.0,0,0,0.9999999999900989,0.9999999999900989,0.999999999490099,0.9999999999900989,0.9999999999999389,321,101,4,2,
skeleton_junction_fix_on_shared_skeleton,24,2,2,0,0.9605476360889101,0.9211289602855868,0.9801980198019802,1.0,1.0,0,0,0.9999999999900989,0.9999999999900989,0.999999999490099,0.9999999999900989,0.9999999999999389,321,101,4,2,False
baseline_on_shared_skeleton,25,3,3,0,0.9569611414693382,0.9189300411522634,0.9672131147540983,1.0,1.0,0,0,0.9999999999917355,0.9999999999917355,0.9999999994917355,0.9999999999917355,0.9999999999999389,389,121,6,3,
skeleton_junction_fix_on_shared_skeleton,25,3,3,0,0.9569611414693382,0.9189300411522634,0.9672131147540983,1.0,1.0,0,0,0.9999999999917355,0.9999999999917355,0.9999999994917355,0.9999999999917355,0.9999999999999389,389,121,6,3,False
baseline_on_shared_skeleton,26,5,5,0,0.9344749555047039,0.8741418764302061,0.9555555555555556,1.0,1.0,0,0,0.9999999999885058,0.9999999999885058,0.9999999994885058,0.9999999999885058,0.9999999999999389,187,87,10,5,
skeleton_junction_fix_on_shared_skeleton,26,5,5,0,0.9344749555047039,0.8741418764302061,0.9555555555555556,1.0,1.0,0,0,0.9999999999885058,0.9999999999885058,0.9999999994885058,0.9999999999885058,0.9999999999999389,187,87,10,5,False
baseline_on_shared_skeleton,27,4,4,0,0.6625462890278798,0.8210599602159705,0.9653465346534653,0.0,1.0,1,0,0.6463414634106931,0.5988700564937918,0.6217008792624763,0.4510638297853146,0.9921264648436894,463,177,11,8,
skeleton_junction_fix_on_shared_skeleton,27,4,4,0,0.6625462890278798,0.8210599602159705,0.9653465346534653,0.0,1.0,1,0,0.6463414634106931,0.5988700564937918,0.6217008792624763,0.4510638297853146,0.9921264648436894,463,177,11,8,False
baseline_on_shared_skeleton,28,3,2,1,0.752483660130719,0.6326797385620915,0.7555555555555555,1.0,0.6666666666666667,0,0,0.9999999999903846,0.9999999999903846,0.9999999994903845,0.9999999999903846,0.9999999999999389,330,104,4,2,
skeleton_junction_fix_on_shared_skeleton,28,3,2,1,0.752483660130719,0.6326797385620915,0.7555555555555555,1.0,0.6666666666666667,0,0,0.9999999999903846,0.9999999999903846,0.9999999994903845,0.9999999999903846,0.9999999999999389,330,104,4,2,False
baseline_on_shared_skeleton,29,5,8,3,0.6778565087937959,0.7684406130268199,0.9477911646586346,0.32,0.625,2,5,0.7242990654171763,0.7242990654171763,0.7242990649171763,0.5677655677634881,0.9927978515624394,600,214,13,10,
skeleton_junction_fix_on_shared_skeleton,29,5,8,3,0.6778565087937959,0.7684406130268199,0.9477911646586346,0.32,0.625,2,5,0.7242990654171763,0.7242990654171763,0.7242990649171763,0.5677655677634881,0.9927978515624394,600,214,13,10,False
baseline_on_shared_skeleton,30,5,5,0,0.9409927760973057,0.8839899937460913,0.9659863945578231,1.0,1.0,0,0,0.9696969696896236,0.9696969696896236,0.9696969691896236,0.9411764705813149,0.9995117187499389,302,132,10,5,
skeleton_junction_fix_on_shared_skeleton,30,5,5,0,0.9409927760973057,0.8839899937460913,0.9659863945578231,1.0,1.0,0,0,0.9696969696896236,0.9696969696896236,0.9696969691896236,0.9411764705813149,0.9995117187499389,302,132,10,5,False
baseline_on_shared_skeleton,31,1,1,0,1.0,1.0,1.0,1.0,1.0,0,0,0.999999999989899,0.999999999989899,0.9999999994898989,0.999999999989899,0.9999999999999389,99,99,2,1,
skeleton_junction_fix_on_shared_skeleton,31,1,1,0,1.0,1.0,1.0,1.0,1.0,0,0,0.999999999989899,0.999999999989899,0.9999999994898989,0.999999999989899,0.9999999999999389,99,99,2,1,False
baseline_on_shared_skeleton,32,4,4,0,0.9541228533525222,0.9120123908124693,0.9685863874345549,1.0,1.0,0,0,0.999999999994709,0.999999999994709,0.9999999994947091,0.999999999994709,0.9999999999999389,601,189,8,4,
skeleton_junction_fix_on_shared_skeleton,32,4,4,0,0.9541228533525222,0.9120123908124693,0.9685863874345549,1.0,1.0,0,0,0.999999999994709,0.999999999994709,0.9999999994947091,0.999999999994709,0.9999999999999389,601,189,8,4,False
baseline_on_shared_skeleton,33,5,5,0,0.9757608695652173,0.95,0.991304347826087,1.0,1.0,1,1,0.9999999999956897,0.9999999999956897,0.9999999994956896,0.9999999999956897,0.9999999999999389,358,232,11,7,
skeleton_junction_fix_on_shared_skeleton,33,5,5,0,0.9757608695652173,0.95,0.991304347826087,1.0,1.0,1,1,0.9999999999956897,0.9999999999956897,0.9999999994956896,0.9999999999956897,0.9999999999999389,358,232,11,7,False
baseline_on_shared_skeleton,34,4,8,4,0.5580217406251495,0.6615126811594203,0.9405940594059405,0.08888888888888889,0.5,2,9,0.509316770183172,0.5061728395030484,0.5077399375773562,0.34024896265418986,0.9902954101561895,525,162,10,8,
skeleton_junction_fix_on_shared_skeleton,34,4,8,4,0.5580217406251495,0.6615126811594203,0.9405940594059405,0.08888888888888889,0.5,2,9,0.509316770183172,0.5061728395030484,0.5077399375773562,0.34024896265418986,0.9902954101561895,525,162,10,8,False
baseline_on_shared_skeleton,35,1,1,0,1.0,1.0,1.0,1.0,1.0,0,0,0.9999999999866667,0.9999999999866667,0.9999999994866666,0.9999999999866667,0.9999999999999389,227,75,2,1,
skeleton_junction_fix_on_shared_skeleton,35,1,1,0,1.0,1.0,1.0,1.0,1.0,0,0,0.9999999999866667,0.9999999999866667,0.9999999994866666,0.9999999999866667,0.9999999999999389,227,75,2,1,False
baseline_on_shared_skeleton,36,5,8,3,0.6249542241074585,0.7991304347826088,0.9725609756097561,0.033333333333333326,0.625,1,6,0.8548387096746618,0.8520900321516011,0.8534621573072365,0.7443820224698192,0.9944458007811893,619,311,12,8,
skeleton_junction_fix_on_shared_skeleton,36,5,8,3,0.6249542241074585,0.7991304347826088,0.9725609756097561,0.033333333333333326,0.625,1,6,0.8548387096746618,0.8520900321516011,0.8534621573072365,0.7443820224698192,0.9944458007811893,619,311,12,8,False
baseline_on_shared_skeleton,37,3,3,0,0.9871947496947496,0.975071225071225,0.9920634920634921,1.0,1.0,0,0,0.9999999999954752,0.9999999999954752,0.9999999994954751,0.9999999999954752,0.9999999999999389,531,221,6,3,
skeleton_junction_fix_on_shared_skeleton,37,3,3,0,0.9871947496947496,0.975071225071225,0.9920634920634921,1.0,1.0,0,0,0.9999999999954752,0.9999999999954752,0.9999999994954751,0.9999999999954752,0.9999999999999389,531,221,6,3,False
baseline_on_shared_skeleton,38,4,4,0,0.9796181366822431,0.9609375,0.985981308411215,1.0,1.0,0,0,0.9999999999948455,0.9999999999948455,0.9999999994948454,0.9999999999948455,0.9999999999999389,603,194,8,4,
skeleton_junction_fix_on_shared_skeleton,38,4,4,0,0.9796181366822431,0.9609375,0.985981308411215,1.0,1.0,0,0,0.9999999999948455,0.9999999999948455,0.9999999994948454,0.9999999999948455,0.9999999999999389,603,194,8,4,False
baseline_on_shared_skeleton,39,5,5,0,0.9811536416799576,0.9607182940516275,0.9941520467836258,1.0,1.0,2,2,0.9685314685280821,0.8993506493477295,0.9326599321574782,0.873817034697559,0.997558593749939,739,308,23,20,
skeleton_junction_fix_on_shared_skeleton,39,5,5,0,0.9811536416799576,0.9607182940516275,0.9941520467836258,1.0,1.0,2,2,0.9685314685280821,0.8993506493477295,0.9326599321574782,0.873817034697559,0.997558593749939,739,308,23,20,False
baseline_on_shared_skeleton,40,3,4,1,0.5717374735356386,0.5646153846153846,0.963302752293578,0.19999999999999998,0.75,1,3,0.7113402061782336,0.7113402061782336,0.7113402056782335,0.551999999995584,0.9965820312499392,207,97,6,4,
skeleton_junction_fix_on_shared_skeleton,40,3,4,1,0.5717374735356386,0.5646153846153846,0.963302752293578,0.19999999999999998,0.75,1,3,0.7113402061782336,0.7113402061782336,0.7113402056782335,0.551999999995584,0.9965820312499392,207,97,6,4,False
baseline_on_shared_skeleton,41,3,6,3,0.44996678321678324,0.4816666666666667,0.916083916083916,0.0,0.5,1,6,0.6504065040597528,0.6249999999951172,0.6374501986983063,0.4678362573072057,0.9944458007811893,340,128,8,6,
skeleton_junction_fix_on_shared_skeleton,41,3,6,3,0.44996678321678324,0.4816666666666667,0.916083916083916,0.0,0.5,1,6,0.6504065040597528,0.6249999999951172,0.6374501986983063,0.4678362573072057,0.9944458007811893,340,128,8,6,False
baseline_on_shared_skeleton,42,4,3,1,0.799056774349084,0.7365196078431372,0.7131147540983607,1.0,0.75,0,0,0.9999999999888889,0.7142857142800453,0.8333333328395061,0.7142857142800453,0.997802734374939,260,126,7,3,
skeleton_junction_fix_on_shared_skeleton,42,4,3,1,0.799056774349084,0.7365196078431372,0.7131147540983607,1.0,0.75,0,0,0.9999999999888889,0.7142857142800453,0.8333333328395061,0.7142857142800453,0.997802734374939,260,126,7,3,False
baseline_on_shared_skeleton,43,4,4,0,0.9704567768199234,0.9405212324393359,0.9861111111111112,1.0,1.0,0,0,0.9999999999953918,0.9999999999953918,0.9999999994953919,0.9999999999953918,0.9999999999999389,482,217,8,4,
skeleton_junction_fix_on_shared_skeleton,43,4,4,0,0.9704567768199234,0.9405212324393359,0.9861111111111112,1.0,1.0,0,0,0.9999999999953918,0.9999999999953918,0.9999999994953919,0.9999999999953918,0.9999999999999389,482,217,8,4,False
baseline_on_shared_skeleton,44,4,6,2,0.6140953069752492,0.793921568627451,0.9508196721311475,0.0,0.6666666666666667,1,1,0.8875739644917896,0.8287292817633772,0.857142856638547,0.74999999999625,0.9969482421874392,294,181,14,11,
skeleton_junction_fix_on_shared_skeleton,44,4,6,2,0.6140953069752492,0.793921568627451,0.9508196721311475,0.0,0.6666666666666667,1,1,0.8875739644917896,0.8287292817633772,0.857142856638547,0.74999999999625,0.9969482421874392,294,181,14,11,False
baseline_on_shared_skeleton,45,3,3,0,0.907227096546864,0.8123565108448828,0.9583333333333334,1.0,1.0,0,0,0.45054945054449946,0.4456521739081994,0.4480874311891068,0.28873239436416387,0.9938354492186893,313,92,6,4,
skeleton_junction_fix_on_shared_skeleton,45,3,3,0,0.907227096546864,0.8123565108448828,0.9583333333333334,1.0,1.0,0,0,0.45054945054449946,0.4456521739081994,0.4480874311891068,0.28873239436416387,0.9938354492186893,313,92,6,4,False
baseline_on_shared_skeleton,46,1,1,0,1.0,1.0,1.0,1.0,1.0,0,0,0.9999999999891304,0.9999999999891304,0.9999999994891304,0.9999999999891304,0.9999999999999389,92,92,2,1,
skeleton_junction_fix_on_shared_skeleton,46,1,1,0,1.0,1.0,1.0,1.0,1.0,0,0,0.9999999999891304,0.9999999999891304,0.9999999994891304,0.9999999999891304,0.9999999999999389,92,92,2,1,False
baseline_on_shared_skeleton,47,3,3,0,0.9242514595496246,0.847979797979798,0.963302752293578,1.0,1.0,0,0,0.9999999999907407,0.9999999999907407,0.9999999994907407,0.9999999999907407,0.9999999999999389,234,108,6,3,
skeleton_junction_fix_on_shared_skeleton,47,3,3,0,0.9242514595496246,0.847979797979798,0.963302752293578,1.0,1.0,0,0,0.9999999999907407,0.9999999999907407,0.9999999994907407,0.9999999999907407,0.9999999999999389,234,108,6,3,False
baseline_on_shared_skeleton,48,1,1,0,1.0,1.0,1.0,1.0,1.0,0,0,0.9999999999901961,0.9999999999901961,0.999999999490196,0.9999999999901961,0.9999999999999389,102,102,2,1,
skeleton_junction_fix_on_shared_skeleton,48,1,1,0,1.0,1.0,1.0,1.0,1.0,0,0,0.9999999999901961,0.9999999999901961,0.999999999490196,0.9999999999901961,0.9999999999999389,102,102,2,1,False
baseline_on_shared_skeleton,49,1,1,0,0.9107142857142857,0.8333333333333334,0.9285714285714286,1.0,1.0,0,0,0.9999999999285715,0.9999999999285715,0.9999999994285715,0.9999999999285715,0.9999999999999389,51,14,2,1,
skeleton_junction_fix_on_shared_skeleton,49,1,1,0,0.9107142857142857,0.8333333333333334,0.9285714285714286,1.0,1.0,0,0,0.9999999999285715,0.9999999999285715,0.9999999994285715,0.9999999999285715,0.9999999999999389,51,14,2,1,False
baseline_on_shared_skeleton,50,5,5,0,0.7235616858237548,0.9491494252873562,0.9822222222222222,0.0,1.0,1,0,0.9999999999955556,0.9999999999955556,0.9999999994955555,0.9999999999955556,0.9999999999999389,462,225,10,6,
skeleton_junction_fix_on_shared_skeleton,50,5,5,0,0.7235616858237548,0.9491494252873562,0.9822222222222222,0.0,1.0,1,0,0.9999999999955556,0.9999999999955556,0.9999999994955555,0.9999999999955556,0.9999999999999389,462,225,10,6,False
baseline_on_shared_skeleton,51,1,1,0,0.6955,0.39,0.85,1.0,1.0,0,0,0.8749999999453125,0.6363636363347107,0.7368421047368421,0.5833333333090278,0.9993896484374389,30,22,3,2,
skeleton_junction_fix_on_shared_skeleton,51,1,1,0,0.6955,0.39,0.85,1.0,1.0,0,0,0.8749999999453125,0.6363636363347107,0.7368421047368421,0.5833333333090278,0.9993896484374389,30,22,3,2,False
baseline_on_shared_skeleton,52,1,1,0,1.0,1.0,1.0,1.0,1.0,0,0,0.9999999999850746,0.9999999999850746,0.9999999994850746,0.9999999999850746,0.9999999999999389,67,67,2,1,
skeleton_junction_fix_on_shared_skeleton,52,1,1,0,1.0,1.0,1.0,1.0,1.0,0,0,0.9999999999850746,0.9999999999850746,0.9999999994850746,0.9999999999850746,0.9999999999999389,67,67,2,1,False
baseline_on_shared_skeleton,53,5,5,0,0.9789958834221274,0.9585376099507686,0.9882697947214076,1.0,1.0,2,2,0.9999999999970238,0.9999999999970238,0.9999999994970239,0.9999999999970238,0.9999999999999389,692,336,12,9,
skeleton_junction_fix_on_shared_skeleton,53,5,5,0,0.9789958834221274,0.9585376099507686,0.9882697947214076,1.0,1.0,2,2,0.9999999999970238,0.9999999999970238,0.9999999994970239,0.9999999999970238,0.9999999999999389,692,336,12,9,False
baseline_on_shared_skeleton,54,4,4,0,0.9440498027613412,0.8809259259259259,0.9881656804733728,1.0,1.0,0,0,0.7151515151471809,0.7108433734896937,0.7129909360515877,0.5539906103260376,0.9942016601561893,242,166,8,5,
skeleton_junction_fix_on_shared_skeleton,54,4,4,0,0.9440498027613412,0.8809259259259259,0.9881656804733728,1.0,1.0,0,0,0.7151515151471809,0.7108433734896937,0.7129909360515877,0.5539906103260376,0.9942016601561893,242,166,8,5,False
baseline_on_shared_skeleton,55,5,4,1,0.7740284694929451,0.6730044420104662,0.7058823529411764,1.0,0.8,0,0,0.9719101123540904,0.9202127659525521,0.9453551907520379,0.8963730569901743,0.998779296874939,426,188,13,9,
skeleton_junction_fix_on_shared_skeleton,55,5,4,1,0.7740284694929451,0.6730044420104662,0.7058823529411764,1.0,0.8,0,0,0.9719101123540904,0.9202127659525521,0.9453551907520379,0.8963730569901743,0.998779296874939,426,188,13,9,False
baseline_on_shared_skeleton,56,3,3,0,1.0,1.0,1.0,1.0,1.0,1,1,0.882882882874929,0.8305084745692329,0.8558951959995422,0.7480916030477246,0.997985839843689,434,118,12,10,
skeleton_junction_fix_on_shared_skeleton,56,3,3,0,1.0,1.0,1.0,1.0,1.0,1,1,0.882882882874929,0.8305084745692329,0.8558951959995422,0.7480916030477246,0.997985839843689,434,118,12,10,False
baseline_on_shared_skeleton,57,4,3,1,0.8850672675026123,0.8869949494949495,0.8045977011494253,1.0,0.75,0,0,0.999999999993007,0.7771739130392545,0.8746177365055691,0.7771739130392545,0.997497558593689,322,184,7,3,
skeleton_junction_fix_on_shared_skeleton,57,4,3,1,0.8850672675026123,0.8869949494949495,0.8045977011494253,1.0,0.75,0,0,0.999999999993007,0.7771739130392545,0.8746177365055691,0.7771739130392545,0.997497558593689,322,184,7,3,False
baseline_on_shared_skeleton,58,1,1,0,0.9107142857142857,0.8333333333333334,0.9285714285714286,1.0,1.0,0,0,0.999999999962963,0.999999999962963,0.9999999994629629,0.999999999962963,0.9999999999999389,89,27,2,1,
skeleton_junction_fix_on_shared_skeleton,58,1,1,0,0.9107142857142857,0.8333333333333334,0.9285714285714286,1.0,1.0,0,0,0.999999999962963,0.999999999962963,0.9999999994629629,0.999999999962963,0.9999999999999389,89,27,2,1,False
baseline_on_shared_skeleton,59,4,4,0,0.9569949626541601,0.9106710671067105,0.9859649122807017,1.0,1.0,1,1,0.9999999999964789,0.9999999999964789,0.999999999496479,0.9999999999964789,0.9999999999999389,526,284,9,6,
skeleton_junction_fix_on_shared_skeleton,59,4,4,0,0.9569949626541601,0.9106710671067105,0.9859649122807017,1.0,1.0,1,1,0.9999999999964789,0.9999999999964789,0.999999999496479,0.9999999999964789,0.9999999999999389,526,284,9,6,False
baseline_on_shared_skeleton,60,4,4,0,0.9342399632851784,0.8737670825906122,0.9552238805970149,1.0,1.0,0,0,0.9999999999924243,0.9999999999924243,0.9999999994924242,0.9999999999924243,0.9999999999999389,322,132,8,4,
skeleton_junction_fix_on_shared_skeleton,60,4,4,0,0.9342399632851784,0.8737670825906122,0.9552238805970149,1.0,1.0,0,0,0.9999999999924243,0.9999999999924243,0.9999999994924242,0.9999999999924243,0.9999999999999389,322,132,8,4,False
baseline_on_shared_skeleton,61,2,2,0,0.9677691399693834,0.9395568589116976,0.9748427672955975,1.0,1.0,0,0,0.9999999999936307,0.9999999999936307,0.9999999994936306,0.9999999999936307,0.9999999999999389,487,157,4,2,
skeleton_junction_fix_on_shared_skeleton,61,2,2,0,0.9677691399693834,0.9395568589116976,0.9748427672955975,1.0,1.0,0,0,0.9999999999936307,0.9999999999936307,0.9999999994936306,0.9999999999936307,0.9999999999999389,487,157,4,2,False
baseline_on_shared_skeleton,62,5,5,0,0.9653316885513289,0.9317168338907471,0.9802955665024631,1.0,1.0,0,0,0.9999999999949749,0.9999999999949749,0.9999999994949749,0.9999999999949749,0.9999999999999389,337,199,10,5,
skeleton_junction_fix_on_shared_skeleton,62,5,5,0,0.9653316885513289,0.9317168338907471,0.9802955665024631,1.0,1.0,0,0,0.9999999999949749,0.9999999999949749,0.9999999994949749,0.9999999999949749,0.9999999999999389,337,199,10,5,False
baseline_on_shared_skeleton,63,4,4,0,0.8896455102949795,0.8731648862657106,0.9836065573770492,0.8,1.0,1,1,0.9547738693419359,0.9405940594012843,0.9476309221885685,0.9004739336450215,0.998718261718689,580,202,9,7,
skeleton_junction_fix_on_shared_skeleton,63,4,4,0,0.8896455102949795,0.8731648862657106,0.9836065573770492,0.8,1.0,1,1,0.9547738693419359,0.9405940594012843,0.9476309221885685,0.9004739336450215,0.998718261718689,580,202,9,7,False
baseline_on_shared_skeleton,64,3,3,0,0.9224671736513842,0.8817588843904633,0.8783783783783784,1.0,1.0,1,1,0.9661016949070669,0.7599999999949334,0.8507462681574961,0.7402597402549335,0.997558593749939,435,150,14,12,
skeleton_junction_fix_on_shared_skeleton,64,3,3,0,0.9224671736513842,0.8817588843904633,0.8783783783783784,1.0,1.0,1,1,0.9661016949070669,0.7599999999949334,0.8507462681574961,0.7402597402549335,0.997558593749939,435,150,14,12,False
baseline_on_shared_skeleton,65,2,2,0,0.9811787519097427,0.9651741293532339,0.984251968503937,1.0,1.0,0,0,0.999999999992126,0.999999999992126,0.999999999492126,0.999999999992126,0.9999999999999389,267,127,4,2,
skeleton_junction_fix_on_shared_skeleton,65,2,2,0,0.9811787519097427,0.9651741293532339,0.984251968503937,1.0,1.0,0,0,0.999999999992126,0.999999999992126,0.999999999492126,0.999999999992126,0.9999999999999389,267,127,4,2,False
baseline_on_shared_skeleton,66,1,1,0,1.0,1.0,1.0,1.0,1.0,0,0,0.9999999999687501,0.9999999999687501,0.9999999994687501,0.9999999999687501,0.9999999999999389,32,32,2,1,
skeleton_junction_fix_on_shared_skeleton,66,1,1,0,1.0,1.0,1.0,1.0,1.0,0,0,0.9999999999687501,0.9999999999687501,0.9999999994687501,0.9999999999687501,0.9999999999999389,32,32,2,1,False
baseline_on_shared_skeleton,67,3,3,0,0.9778846153846154,0.9551282051282051,0.9903846153846154,1.0,1.0,0,0,0.9999999999894736,0.9999999999894736,0.9999999994894737,0.9999999999894736,0.9999999999999389,202,95,6,3,
skeleton_junction_fix_on_shared_skeleton,67,3,3,0,0.9778846153846154,0.9551282051282051,0.9903846153846154,1.0,1.0,0,0,0.9999999999894736,0.9999999999894736,0.9999999994894737,0.9999999999894736,0.9999999999999389,202,95,6,3,False
baseline_on_shared_skeleton,68,2,2,0,0.9107236842105263,0.825,0.9473684210526316,1.0,1.0,0,0,0.9999999999736843,0.9999999999736843,0.9999999994736843,0.9999999999736843,0.9999999999999389,70,38,4,2,
skeleton_junction_fix_on_shared_skeleton,68,2,2,0,0.9107236842105263,0.825,0.9473684210526316,1.0,1.0,0,0,0.9999999999736843,0.9999999999736843,0.9999999994736843,0.9999999999736843,0.9999999999999389,70,38,4,2,False
baseline_on_shared_skeleton,69,3,3,0,0.9876518218623482,0.9811066126855601,0.9807692307692307,1.0,1.0,0,0,0.999999999988764,0.999999999988764,0.9999999994887641,0.999999999988764,0.9999999999999389,258,89,6,3,
skeleton_junction_fix_on_shared_skeleton,69,3,3,0,0.9876518218623482,0.9811066126855601,0.9807692307692307,1.0,1.0,0,0,0.999999999988764,0.999999999988764,0.9999999994887641,0.999999999988764,0.9999999999999389,258,89,6,3,False
baseline_on_shared_skeleton,70,2,2,0,1.0,1.0,1.0,1.0,1.0,1,1,0.9872611464905271,0.9872611464905271,0.9872611459905271,0.9748427672894665,0.9997558593749389,255,157,5,4,
skeleton_junction_fix_on_shared_skeleton,70,2,2,0,1.0,1.0,1.0,1.0,1.0,1,1,0.9872611464905271,0.9872611464905271,0.9872611459905271,0.9748427672894665,0.9997558593749389,255,157,5,4,False
baseline_on_shared_skeleton,71,1,1,0,1.0,1.0,1.0,1.0,1.0,0,0,0.9999999999722223,0.9999999999722223,0.9999999994722224,0.9999999999722223,0.9999999999999389,36,36,2,1,
skeleton_junction_fix_on_shared_skeleton,71,1,1,0,1.0,1.0,1.0,1.0,1.0,0,0,0.9999999999722223,0.9999999999722223,0.9999999994722224,0.9999999999722223,0.9999999999999389,36,36,2,1,False
baseline_on_shared_skeleton,72,1,1,0,0.9390243902439025,0.886178861788618,0.9512195121951219,1.0,1.0,0,0,0.9999999999750001,0.9999999999750001,0.9999999994750002,0.9999999999750001,0.9999999999999389,128,40,2,1,
skeleton_junction_fix_on_shared_skeleton,72,1,1,0,0.9390243902439025,0.886178861788618,0.9512195121951219,1.0,1.0,0,0,0.9999999999750001,0.9999999999750001,0.9999999994750002,0.9999999999750001,0.9999999999999389,128,40,2,1,False
baseline_on_shared_skeleton,73,1,1,0,0.9766355140186916,0.9563862928348911,0.9813084112149533,1.0,1.0,0,0,0.9999999999866667,0.9999999999866667,0.9999999994866666,0.9999999999866667,0.9999999999999389,229,75,2,1,
skeleton_junction_fix_on_shared_skeleton,73,1,1,0,0.9766355140186916,0.9563862928348911,0.9813084112149533,1.0,1.0,0,0,0.9999999999866667,0.9999999999866667,0.9999999994866666,0.9999999999866667,0.9999999999999389,229,75,2,1,False
baseline_on_shared_skeleton,74,3,3,0,0.9187604436761742,0.8494301994301996,0.9325842696629214,1.0,1.0,0,0,0.9999999999879517,0.9999999999879517,0.9999999994879518,0.9999999999879517,0.9999999999999389,270,83,6,3,
skeleton_junction_fix_on_shared_skeleton,74,3,3,0,0.9187604436761742,0.8494301994301996,0.9325842696629214,1.0,1.0,0,0,0.9999999999879517,0.9999999999879517,0.9999999994879518,0.9999999999879517,0.9999999999999389,270,83,6,3,False
baseline_on_shared_skeleton,75,1,1,0,1.0,1.0,1.0,1.0,1.0,0,0,0.9999999999444444,0.9999999999444444,0.9999999994444444,0.9999999999444444,0.9999999999999389,18,18,2,1,
skeleton_junction_fix_on_shared_skeleton,75,1,1,0,1.0,1.0,1.0,1.0,1.0,0,0,0.9999999999444444,0.9999999999444444,0.9999999994444444,0.9999999999444444,0.9999999999999389,18,18,2,1,False
baseline_on_shared_skeleton,76,5,5,0,0.6104705802670555,0.703751548549703,0.9689119170984456,0.0,1.0,0,1,0.7654320987607073,0.733727810646546,0.749244712486633,0.599033816422227,0.9949340820311893,590,169,14,10,
skeleton_junction_fix_on_shared_skeleton,76,5,5,0,0.6104705802670555,0.703751548549703,0.9689119170984456,0.0,1.0,0,1,0.7654320987607073,0.733727810646546,0.749244712486633,0.599033816422227,0.9949340820311893,590,169,14,10,False
baseline_on_shared_skeleton,77,5,6,1,0.7163411081528265,0.827336659539083,0.9910313901345291,0.25,0.8333333333333334,1,4,0.8899082568766519,0.8858447488544026,0.88787185304285,0.7983539094617352,0.9970092773436892,488,219,11,8,
skeleton_junction_fix_on_shared_skeleton,77,5,6,1,0.7163411081528265,0.827336659539083,0.9910313901345291,0.25,0.8333333333333334,1,4,0.8899082568766519,0.8858447488544026,0.88787185304285,0.7983539094617352,0.9970092773436892,488,219,11,8,False
baseline_on_shared_skeleton,78,1,1,0,0.9596774193548387,0.924731182795699,0.967741935483871,1.0,1.0,0,0,0.9999999999677419,0.9999999999677419,0.999999999467742,0.9999999999677419,0.9999999999999389,102,31,2,1,
skeleton_junction_fix_on_shared_skeleton,78,1,1,0,0.9596774193548387,0.924731182795699,0.967741935483871,1.0,1.0,0,0,0.9999999999677419,0.9999999999677419,0.999999999467742,0.9999999999677419,0.9999999999999389,102,31,2,1,False
baseline_on_shared_skeleton,79,2,2,0,1.0,1.0,1.0,1.0,1.0,0,0,0.9999999999880952,0.9999999999880952,0.9999999994880953,0.9999999999880952,0.9999999999999389,84,84,4,2,
skeleton_junction_fix_on_shared_skeleton,79,2,2,0,1.0,1.0,1.0,1.0,1.0,0,0,0.9999999999880952,0.9999999999880952,0.9999999994880953,0.9999999999880952,0.9999999999999389,84,84,4,2,False
