method,method_display,sample,true_vectors,pred_vectors,vector_count_error,engineering_score,line_geometry_score,total_length_score,junction_angle_score,vector_count_score,true_junctions,pred_junctions,pixel_precision_on_skeleton,pixel_recall_on_skeleton,pixel_f1_on_skeleton,pixel_iou_on_skeleton,pixel_accuracy_on_skeleton,tp,fp,fn,tn,precision_from_matrix,recall_from_matrix,f1_from_matrix,accuracy_from_matrix,iou_from_matrix,raw_stroke_pixels,skeleton_stroke_pixels,graph_node_clusters,traced_paths,candidate_peak_count,component_count,candidate_local_segments,remaining_ransac_points,classified_line_pixels,classified_endpoint_pixels,classified_corner_pixels,classified_t_junction_pixels,classified_x_junction_pixels,internal_skeletonization_applied
baseline_on_shared_skeleton,Baseline,0,5,5,0,0.530114301666535,0.44986324597320365,0.7217125382262997,0.3333333333333333,1.0,1,3,0.4687499999979074,0.3052325581386476,0.36971830938017014,0.2267818574509141,0.9781494140624403,105,119,239,15921,0.4687499999979074,0.3052325581386476,0.36971830938017014,0.9781494140624403,0.2267818574509141,702,344,8,5,,,,,,,,,,False
hough_transform_on_shared_skeleton,Hough Transform,0,5,5,0,0.8359894763582149,0.91602826210762,0.9938837920489296,0.5,1.0,1,2,0.9496855345882086,0.877906976741634,0.9123867064466553,0.8388888888865587,0.9964599609374392,302,16,42,16024,0.9496855345882086,0.877906976741634,0.9123867064466553,0.9964599609374392,0.8388888888865587,702,344,0,0,1462.0,,,,,,,,,False
contour_based_fitting_on_shared_skeleton,Contour-based fitting,0,5,8,3,0.5367998955195655,0.6598441443078351,0.8868501529051988,0.0,0.625,1,0,0.7413793103422711,0.6249999999981831,0.6782334379872921,0.5131264916455535,0.9875488281249397,215,75,129,15965,0.7413793103422711,0.6249999999981831,0.6782334379872921,0.9875488281249397,0.5131264916455535,702,344,0,0,,3.0,,,,,,,,False
thinning_skeletonisation_graph_tracing_on_shared_skeleton,Thinning / skeletonisation,0,5,5,0,0.5376174475629691,0.463818588875915,0.72782874617737,0.3333333333333333,1.0,1,3,0.4687499999979074,0.3052325581386476,0.36971830938017014,0.2267818574509141,0.9781494140624403,105,119,239,15921,0.4687499999979074,0.3052325581386476,0.36971830938017014,0.9781494140624403,0.2267818574509141,702,344,8,5,,,,,228.0,9.0,2.0,75.0,30.0,False
run_graph_vectorisation_on_shared_skeleton,Run-graph vectorisation,0,5,6,1,0.5349298320163539,0.5755831129415406,0.8379204892966361,0.1,0.8333333333333334,1,4,0.5447761194009524,0.42441860464992903,0.4771241825126875,0.3133047210293706,0.9804687499999402,146,122,198,15918,0.5447761194009524,0.42441860464992903,0.4771241825126875,0.9804687499999402,0.3133047210293706,702,344,9,6,,,,,,,,,,False
sparse_pixel_ransac_vectorisation_on_shared_skeleton,Sparse-pixel RANSAC,0,5,5,0,0.8359894763582149,0.91602826210762,0.9938837920489296,0.5,1.0,1,2,0.9496855345882086,0.877906976741634,0.9123867064466553,0.8388888888865587,0.9964599609374392,302,16,42,16024,0.9496855345882086,0.877906976741634,0.9123867064466553,0.9964599609374392,0.8388888888865587,702,344,0,0,,,,0.0,,,,,,False
mesh_pattern_local_vectorisation_on_shared_skeleton,Mesh-pattern local,0,5,7,2,0.46778348341663173,0.5627458798511431,0.7155963302752293,0.0,0.7142857142857143,1,0,0.979591836729696,0.5581395348820984,0.7111111106460356,0.5517241379294491,0.9904785156249395,192,4,152,16036,0.979591836729696,0.5581395348820984,0.7111111106460356,0.9904785156249395,0.5517241379294491,702,344,0,0,,,25.0,,,,,,,False
baseline_on_shared_skeleton,Baseline,1,10,11,1,0.5067195951942874,0.5263025451351945,0.7948717948717949,0.08,0.9090909090909091,3,5,0.5907692307674131,0.4948453608234669,0.5385694244673298,0.36852207293595296,0.9799194335936902,192,133,196,15863,0.5907692307674131,0.4948453608234669,0.5385694244673298,0.9799194335936902,0.36852207293595296,944,388,17,13,,,,,,,,,,False
hough_transform_on_shared_skeleton,Hough Transform,1,10,9,1,0.786852182245479,0.7492856057151543,0.965034965034965,0.6666666666666666,0.9,3,2,0.8959390862921424,0.9097938144306449,0.9028132987304569,0.8228438228419048,0.9953613281249393,353,41,35,15955,0.8959390862921424,0.9097938144306449,0.9028132987304569,0.9953613281249393,0.8228438228419048,944,388,0,0,2725.0,,,,,,,,,False
contour_based_fitting_on_shared_skeleton,Contour-based fitting,1,10,11,1,0.4228597827161439,0.44447991082738003,0.6596736596736597,0.0,0.9090909090909091,3,1,0.4816176470570529,0.33762886597851127,0.3969696964839394,0.24763705103922942,0.9757080078124404,131,141,257,15855,0.4816176470570529,0.33762886597851127,0.3969696964839394,0.9757080078124404,0.24763705103922942,944,388,0,0,,4.0,,,,,,,,False
thinning_skeletonisation_graph_tracing_on_shared_skeleton,Thinning / skeletonisation,1,10,10,0,0.6752063376511894,0.7374437650989913,0.8834498834498834,0.26666666666666666,1.0,3,3,0.8328767123264853,0.783505154637156,0.8074369184890258,0.6770601336287816,0.9911499023436895,304,61,84,15935,0.8328767123264853,0.783505154637156,0.8074369184890258,0.9911499023436895,0.6770601336287816,944,388,20,16,,,,,294.0,14.0,1.0,64.0,15.0,False
run_graph_vectorisation_on_shared_skeleton,Run-graph vectorisation,1,10,11,1,0.6535682935247734,0.7434902767268984,0.8904428904428905,0.2,0.9090909090909091,3,5,0.8333333333310565,0.7860824742247782,0.809018567137537,0.6792873051209816,0.9912109374999395,305,61,83,15935,0.8333333333310565,0.7860824742247782,0.809018567137537,0.9912109374999395,0.6792873051209816,944,388,21,17,,,,,,,,,,False
sparse_pixel_ransac_vectorisation_on_shared_skeleton,Sparse-pixel RANSAC,1,10,9,1,0.6700203876065527,0.6939427042849239,0.9387308533916849,0.32,0.9,3,5,0.7777777777760141,0.8840206185544226,0.8275030151815913,0.7057613168709758,0.9912719726561895,343,98,45,15898,0.7777777777760141,0.8840206185544226,0.8275030151815913,0.9912719726561895,0.7057613168709758,944,388,0,0,,,,0.0,,,,,,False
mesh_pattern_local_vectorisation_on_shared_skeleton,Mesh-pattern local,1,10,7,3,0.38744171696976076,0.5334498657344074,0.38694638694638694,0.0,0.7,3,0,0.9363057324781128,0.37886597938046684,0.5394495408722498,0.3693467336674137,0.9846801757811898,147,10,241,15986,0.9363057324781128,0.37886597938046684,0.5394495408722498,0.9846801757811898,0.3693467336674137,944,388,0,0,,,23.0,,,,,,,False
baseline_on_shared_skeleton,Baseline,2,14,13,1,0.6800762639729783,0.6319840238568182,0.9784172661870504,0.42857142857142855,0.9285714285714286,7,6,0.7372400756129731,0.7222222222208848,0.7296538816315222,0.5743740795278728,0.98236083984369,390,139,150,15705,0.7372400756129731,0.7222222222208848,0.7296538816315222,0.98236083984369,0.5743740795278728,1261,540,28,23,,,,,,,,,,False
hough_transform_on_shared_skeleton,Hough Transform,2,14,12,2,0.6619646802679896,0.5907313522725817,0.8475609756097561,0.5636363636363636,0.8571428571428572,7,11,0.7660910518041348,0.9037037037020302,0.8292268474204235,0.7082728592152275,0.9877319335936897,488,149,52,15695,0.7660910518041348,0.9037037037020302,0.8292268474204235,0.9877319335936897,0.7082728592152275,1261,540,0,0,4547.0,,,,,,,,,False
contour_based_fitting_on_shared_skeleton,Contour-based fitting,2,14,18,4,0.4220966940624731,0.42702365089644523,0.7607913669064748,0.0,0.7777777777777778,7,0,0.5415676959607089,0.42222222222144035,0.4745057227116741,0.3110504774893437,0.9691772460936908,228,193,312,15651,0.5415676959607089,0.42222222222144035,0.4745057227116741,0.9691772460936908,0.3110504774893437,1261,540,0,0,,5.0,,,,,,,,False
thinning_skeletonisation_graph_tracing_on_shared_skeleton,Thinning / skeletonisation,2,14,16,2,0.739766919471326,0.6971696075039403,0.9784172661870504,0.5714285714285714,0.875,7,7,0.8861940298490929,0.8796296296280007,0.8828996277511539,0.7903494176359561,0.9923095703124394,475,61,65,15783,0.8861940298490929,0.8796296296280007,0.8828996277511539,0.9923095703124394,0.7903494176359561,1261,540,31,26,,,,,468.0,22.0,4.0,26.0,20.0,False
run_graph_vectorisation_on_shared_skeleton,Run-graph vectorisation,2,14,15,1,0.7246548262887293,0.6831696075039403,0.9766187050359713,0.5142857142857143,0.9333333333333333,7,6,0.8768656716401552,0.8703703703687586,0.8736059474537735,0.7755775577544958,0.9916992187499395,470,66,70,15778,0.8768656716401552,0.8703703703687586,0.8736059474537735,0.9916992187499395,0.7755775577544958,1261,540,30,25,,,,,,,,,,False
sparse_pixel_ransac_vectorisation_on_shared_skeleton,Sparse-pixel RANSAC,2,14,12,2,0.6490003771322864,0.5826971642383935,0.8462709284627092,0.5272727272727272,0.8571428571428572,7,11,0.7648902821304626,0.9037037037020302,0.828522919705789,0.7072463768105692,0.9876708984374397,488,150,52,15694,0.7648902821304626,0.9037037037020302,0.828522919705789,0.9876708984374397,0.7072463768105692,1261,540,0,0,,,,0.0,,,,,,False
mesh_pattern_local_vectorisation_on_shared_skeleton,Mesh-pattern local,2,14,10,4,0.38313889746686347,0.4880533224512004,0.460431654676259,0.0,0.7142857142857143,7,0,0.9923371647471558,0.47962962962874145,0.6466916350147273,0.4778597785969043,0.98272705078119,259,2,281,15842,0.9923371647471558,0.47962962962874145,0.6466916350147273,0.98272705078119,0.4778597785969043,1261,540,0,0,,,28.0,,,,,,,False
baseline_on_shared_skeleton,Baseline,3,19,19,0,0.6937879611881814,0.6883918517360104,0.9200581395348837,0.39999999999999997,1.0,7,6,0.8286655683676628,0.816558441557116,0.8225674565714537,0.6986111111101408,0.9867553710936897,503,104,113,15664,0.8286655683676628,0.816558441557116,0.8225674565714537,0.9867553710936897,0.6986111111101408,1641,616,37,26,,,,,,,,,,False
hough_transform_on_shared_skeleton,Hough Transform,3,19,17,2,0.6309658171075472,0.5987091240140575,0.8103651354534747,0.44,0.8947368421052632,7,15,0.6828358208946731,0.8912337662323194,0.7732394361273933,0.6303099885182201,0.9803466796874402,549,255,67,15513,0.6828358208946731,0.8912337662323194,0.7732394361273933,0.9803466796874402,0.6303099885182201,1641,616,0,0,5221.0,,,,,,,,,False
contour_based_fitting_on_shared_skeleton,Contour-based fitting,3,19,34,15,0.541890340669535,0.7008187840991945,0.8531976744186046,0.0,0.5588235294117647,7,1,0.7188552188540087,0.6931818181806929,0.7057851234659408,0.5453384418894696,0.9782714843749403,427,167,189,15601,0.7188552188540087,0.6931818181806929,0.7057851234659408,0.9782714843749403,0.5453384418894696,1641,616,0,0,,11.0,,,,,,,,False
thinning_skeletonisation_graph_tracing_on_shared_skeleton,Thinning / skeletonisation,3,19,21,2,0.7062299694665836,0.7861158174684999,0.9171511627906976,0.31428571428571433,0.9047619047619048,7,7,0.877650897225322,0.8733766233752056,0.8755085430299044,0.7785817655560368,0.9906616210936895,538,75,78,15693,0.877650897225322,0.8733766233752056,0.8755085430299044,0.9906616210936895,0.7785817655560368,1641,616,39,28,,,,,544.0,32.0,2.0,24.0,14.0,False
run_graph_vectorisation_on_shared_skeleton,Run-graph vectorisation,3,19,24,5,0.6391684034631244,0.7369116976183125,0.9127906976744186,0.18333333333333335,0.7916666666666666,7,12,0.8694942903737855,0.8652597402583356,0.8673718465286973,0.7658045977000492,0.9900512695311895,533,80,83,15688,0.8694942903737855,0.8652597402583356,0.8673718465286973,0.9900512695311895,0.7658045977000492,1641,616,40,29,,,,,,,,,,False
sparse_pixel_ransac_vectorisation_on_shared_skeleton,Sparse-pixel RANSAC,3,19,15,4,0.5121225150484501,0.4848388748398607,0.7535596933187294,0.2571428571428571,0.7894736842105263,7,14,0.5907514450860223,0.8295454545441079,0.6900742736522971,0.5268041237107971,0.9719848632811906,511,354,105,15414,0.5907514450860223,0.8295454545441079,0.6900742736522971,0.9719848632811906,0.5268041237107971,1641,616,0,0,,,,8.0,,,,,,False
mesh_pattern_local_vectorisation_on_shared_skeleton,Mesh-pattern local,3,19,22,3,0.5044763156863137,0.6423175819573705,0.6453488372093024,0.0,0.8636363636363636,7,1,0.905882352939045,0.6249999999989854,0.7396733904856317,0.5868902439015444,0.9834594726561899,385,40,231,15728,0.905882352939045,0.6249999999989854,0.7396733904856317,0.9834594726561899,0.5868902439015444,1641,616,0,0,,,43.0,,,,,,,False
baseline_on_shared_skeleton,Baseline,4,15,15,0,0.8215450215015435,0.839453715174091,0.9689542483660131,0.6,1.0,5,3,0.9388111888095475,0.9163822525581632,0.9274611393948442,0.8647342995155157,0.9948730468749393,537,35,49,15763,0.9388111888095475,0.9163822525581632,0.9274611393948442,0.9948730468749393,0.8647342995155157,1620,586,38,31,,,,,,,,,,False
hough_transform_on_shared_skeleton,Hough Transform,4,15,14,1,0.5844878460789382,0.6752097590322577,0.7050691244239631,0.18518518518518517,0.9333333333333333,5,27,0.7027707808555381,0.9522184300325047,0.8086956516841,0.6788321167874953,0.9838867187499399,558,236,28,15562,0.7027707808555381,0.9522184300325047,0.8086956516841,0.9838867187499399,0.6788321167874953,1620,586,0,0,5366.0,,,,,,,,,False
contour_based_fitting_on_shared_skeleton,Contour-based fitting,4,15,14,1,0.4677681554752691,0.5060062133292109,0.7336601307189543,0.0,0.9333333333333333,5,2,0.530612244896756,0.3993174061426633,0.4556962020407252,0.29508196721274266,0.965881347656191,234,207,352,15591,0.530612244896756,0.3993174061426633,0.4556962020407252,0.965881347656191,0.29508196721274266,1620,586,0,0,,7.0,,,,,,,,False
thinning_skeletonisation_graph_tracing_on_shared_skeleton,Thinning / skeletonisation,4,15,15,0,0.8780228476937489,0.853122668077612,0.9705882352941176,0.8,1.0,5,4,0.9477351916359795,0.9283276450496104,0.937931033981195,0.8831168831154494,0.9956054687499392,544,30,42,15768,0.9477351916359795,0.9283276450496104,0.937931033981195,0.9956054687499392,0.8831168831154494,1620,586,39,32,,,,,488.0,25.0,2.0,55.0,16.0,False
run_graph_vectorisation_on_shared_skeleton,Run-graph vectorisation,4,15,15,0,0.8850158518089751,0.8686626772225593,0.9705882352941176,0.8,1.0,5,4,0.956369982546324,0.9351535836161516,0.9456427950118047,0.8968903436973864,0.9961547851561892,548,25,38,15773,0.956369982546324,0.9351535836161516,0.9456427950118047,0.9961547851561892,0.8968903436973864,1620,586,39,32,,,,,,,,,,False
sparse_pixel_ransac_vectorisation_on_shared_skeleton,Sparse-pixel RANSAC,4,15,14,1,0.641451204073896,0.6790401554305552,0.8127490039840637,0.32,0.9333333333333333,5,15,0.7620396600555779,0.9180887371997986,0.8328173369643244,0.7135278514579396,0.9868164062499397,538,168,48,15630,0.7620396600555779,0.9180887371997986,0.8328173369643244,0.9868164062499397,0.7135278514579396,1620,586,0,0,,,,0.0,,,,,,False
mesh_pattern_local_vectorisation_on_shared_skeleton,Mesh-pattern local,4,15,17,2,0.4768295244213546,0.6034120150539904,0.4852941176470589,0.08,0.8823529411764706,5,3,0.9071428571396174,0.43344709897536954,0.5866050803924816,0.41503267973788394,0.9781494140624403,254,26,332,15772,0.9071428571396174,0.43344709897536954,0.5866050803924816,0.9781494140624403,0.41503267973788394,1620,586,0,0,,,34.0,,,,,,,False
baseline_on_shared_skeleton,Baseline,5,14,13,1,0.7055022552112179,0.6919450468538527,0.9349206349206349,0.45714285714285713,0.9285714285714286,7,6,0.8727598566292603,0.871198568871429,0.871978513374894,0.773015873014646,0.9912719726561895,487,71,72,15754,0.8727598566292603,0.871198568871429,0.871978513374894,0.9912719726561895,0.773015873014646,1143,559,27,23,,,,,,,,,,False
hough_transform_on_shared_skeleton,Hough Transform,5,14,12,2,0.6812609194013838,0.6739953414301258,0.9143686502177069,0.4375,0.8571428571428572,7,16,0.8289269051309037,0.9534883720913175,0.8868552407655254,0.7967115097148031,0.9916992187499395,533,110,26,15715,0.8289269051309037,0.9534883720913175,0.8868552407655254,0.9916992187499395,0.7967115097148031,1143,559,0,0,4967.0,,,,,,,,,False
contour_based_fitting_on_shared_skeleton,Contour-based fitting,5,14,16,2,0.4158560133924313,0.3691862026004645,0.8111111111111111,0.0,0.875,7,1,0.48717948717852627,0.44186046511548865,0.4634146336466618,0.30158730158693337,0.965087890624941,247,260,312,15565,0.48717948717852627,0.44186046511548865,0.4634146336466618,0.965087890624941,0.30158730158693337,1143,559,0,0,,4.0,,,,,,,,False
thinning_skeletonisation_graph_tracing_on_shared_skeleton,Thinning / skeletonisation,5,14,12,2,0.7695296609651862,0.7238225270125829,0.9333333333333333,0.6857142857142857,0.8571428571428572,7,5,0.8837209302309773,0.8837209302309773,0.8837209297309772,0.791666666665398,0.9920654296874394,494,65,65,15760,0.8837209302309773,0.8837209302309773,0.8837209297309772,0.9920654296874394,0.791666666665398,1143,559,28,24,,,,,501.0,20.0,1.0,12.0,25.0,False
run_graph_vectorisation_on_shared_skeleton,Run-graph vectorisation,5,14,12,2,0.7695296609651862,0.7238225270125829,0.9333333333333333,0.6857142857142857,0.8571428571428572,7,5,0.9302325581378708,0.9302325581378708,0.9302325576378707,0.8695652173898503,0.9952392578124393,520,39,39,15786,0.9302325581378708,0.9302325581378708,0.9302325576378707,0.9952392578124393,0.8695652173898503,1143,559,28,24,,,,,,,,,,False
sparse_pixel_ransac_vectorisation_on_shared_skeleton,Sparse-pixel RANSAC,5,14,12,2,0.6614739507749798,0.6679363136523481,0.8898305084745762,0.3888888888888889,0.8571428571428572,7,18,0.8199697428126779,0.9695885509821653,0.8885245896659729,0.799410029497346,0.9916992187499395,542,119,17,15706,0.8199697428126779,0.9695885509821653,0.8885245896659729,0.9916992187499395,0.799410029497346,1143,559,0,0,,,,0.0,,,,,,False
mesh_pattern_local_vectorisation_on_shared_skeleton,Mesh-pattern local,5,14,17,3,0.49748844147639676,0.7031229812661499,0.4936507936507937,0.0,0.8235294117647058,7,0,0.9999999999967427,0.5491949910544737,0.7090069279471675,0.5491949910544737,0.9846191406249398,307,0,252,15825,0.9999999999967427,0.5491949910544737,0.7090069279471675,0.9846191406249398,0.5491949910544737,1143,559,0,0,,,37.0,,,,,,,False
baseline_on_shared_skeleton,Baseline,6,11,10,1,0.6324873936204585,0.7572936097053744,0.8789808917197452,0.1,0.9090909090909091,4,1,0.9379652605435783,0.9064748201417111,0.9219512190100922,0.8552036199075674,0.9960937499999392,378,25,39,15942,0.9379652605435783,0.9064748201417111,0.9219512190100922,0.9960937499999392,0.8552036199075674,1252,417,23,15,,,,,,,,,,False
hough_transform_on_shared_skeleton,Hough Transform,6,11,10,1,0.649769425246895,0.6692392392392392,0.8162911611785095,0.37777777777777777,0.9090909090909091,4,9,0.6897810218965515,0.9064748201417111,0.7834196886267615,0.6439522998285452,0.9872436523436897,378,170,39,15797,0.6897810218965515,0.9064748201417111,0.7834196886267615,0.9872436523436897,0.6439522998285452,1252,417,0,0,2111.0,,,,,,,,,False
contour_based_fitting_on_shared_skeleton,Contour-based fitting,6,11,15,4,0.5462387979199519,0.6640173334290981,0.8704883227176221,0.0,0.7333333333333334,4,0,0.8451776649724742,0.7985611510772217,0.8212083842086113,0.6966527196638146,0.9911499023436895,333,61,84,15906,0.8451776649724742,0.7985611510772217,0.8212083842086113,0.9911499023436895,0.6966527196638146,1252,417,0,0,,8.0,,,,,,,,False
thinning_skeletonisation_graph_tracing_on_shared_skeleton,Thinning / skeletonisation,6,11,10,1,0.6324873936204585,0.7572936097053744,0.8789808917197452,0.1,0.9090909090909091,4,1,0.9379652605435783,0.9064748201417111,0.9219512190100922,0.8552036199075674,0.9960937499999392,378,25,39,15942,0.9379652605435783,0.9064748201417111,0.9219512190100922,0.9960937499999392,0.8552036199075674,1252,417,23,15,,,,,353.0,19.0,0.0,35.0,10.0,False
run_graph_vectorisation_on_shared_skeleton,Run-graph vectorisation,6,11,10,1,0.6324873936204585,0.7572936097053744,0.8789808917197452,0.1,0.9090909090909091,4,1,0.9379652605435783,0.9064748201417111,0.9219512190100922,0.8552036199075674,0.9960937499999392,378,25,39,15942,0.9379652605435783,0.9064748201417111,0.9219512190100922,0.9960937499999392,0.8552036199075674,1252,417,23,15,,,,,,,,,,False
sparse_pixel_ransac_vectorisation_on_shared_skeleton,Sparse-pixel RANSAC,6,11,10,1,0.6096169314769315,0.6224932932932933,0.7929292929292929,0.31999999999999995,0.9090909090909091,4,10,0.6731793960911666,0.9088729016764775,0.773469387264621,0.6306156405979524,0.9864501953124397,379,184,38,15783,0.6731793960911666,0.9088729016764775,0.773469387264621,0.9864501953124397,0.6306156405979524,1252,417,0,0,,,,0.0,,,,,,False
mesh_pattern_local_vectorisation_on_shared_skeleton,Mesh-pattern local,6,11,15,4,0.5345884732040784,0.6485075295075297,0.8471337579617835,0.0,0.7333333333333334,4,2,0.9307479224350949,0.805755395681521,0.8637532128679793,0.7601809954733932,0.9935302734374394,336,25,81,15942,0.9307479224350949,0.805755395681521,0.8637532128679793,0.9935302734374394,0.7601809954733932,1252,417,0,0,,,45.0,,,,,,,False
baseline_on_shared_skeleton,Baseline,7,12,18,6,0.5253343379118551,0.5643123905080427,0.898635477582846,0.09999999999999999,0.6666666666666667,11,18,0.587951807227499,0.5648148148135074,0.576151121104508,0.4046434494188978,0.9780883789061903,244,171,188,15781,0.587951807227499,0.5648148148135074,0.576151121104508,0.9780883789061903,0.4046434494188978,1221,432,26,25,,,,,,,,,,False
hough_transform_on_shared_skeleton,Hough Transform,7,12,12,0,0.8370130420658697,0.7908617859286756,0.8479338842975207,0.8461538461538461,1.0,11,13,0.7093690248552402,0.8587962962943083,0.776963350288253,0.635273972601652,0.9869995117186897,371,152,61,15800,0.7093690248552402,0.8587962962943083,0.776963350288253,0.9869995117186897,0.635273972601652,1221,432,0,0,2842.0,,,,,,,,,False
contour_based_fitting_on_shared_skeleton,Contour-based fitting,7,12,10,2,0.33334932532300954,0.2566957066957067,0.672514619883041,0.0,0.8333333333333334,11,0,0.1934523809518052,0.15046296296261466,0.16927083284070502,0.09246088193443462,0.9610595703124413,65,271,367,15681,0.1934523809518052,0.15046296296261466,0.16927083284070502,0.9610595703124413,0.09246088193443462,1221,432,0,0,,3.0,,,,,,,,False
thinning_skeletonisation_graph_tracing_on_shared_skeleton,Thinning / skeletonisation,7,12,21,9,0.5607609833064638,0.6651150660933269,0.9025341130604289,0.09523809523809523,0.5714285714285714,11,21,0.6586538461522629,0.634259259257791,0.6462264145929933,0.477351916375475,0.98168945312494,274,142,158,15810,0.6586538461522629,0.634259259257791,0.6462264145929933,0.98168945312494,0.477351916375475,1221,432,28,27,,,,,363.0,15.0,4.0,31.0,19.0,False
run_graph_vectorisation_on_shared_skeleton,Run-graph vectorisation,7,12,18,6,0.5726040315625556,0.6259567606306736,0.9025341130604289,0.175,0.6666666666666667,11,16,0.6256038647327884,0.5995370370356492,0.6122931437068166,0.44122657580844765,0.9799804687499402,259,155,173,15797,0.6256038647327884,0.5995370370356492,0.6122931437068166,0.9799804687499402,0.44122657580844765,1221,432,26,25,,,,,,,,,,False
sparse_pixel_ransac_vectorisation_on_shared_skeleton,Sparse-pixel RANSAC,7,12,12,0,0.7637943613654,0.7479557621865316,0.8091482649842271,0.6615384615384615,1.0,11,13,0.642066420663022,0.8055555555536908,0.7145790549463884,0.5559105431301024,0.9830322265624399,348,194,84,15758,0.642066420663022,0.8055555555536908,0.7145790549463884,0.9830322265624399,0.5559105431301024,1221,432,0,0,,,,1.0,,,,,,False
mesh_pattern_local_vectorisation_on_shared_skeleton,Mesh-pattern local,7,12,18,6,0.4952998828127546,0.6995401337792642,0.5692007797270955,0.0,0.6666666666666667,11,3,0.8830188679211962,0.5416666666654129,0.6714490669586278,0.5053995680334656,0.9860229492186898,234,31,198,15921,0.8830188679211962,0.5416666666654129,0.6714490669586278,0.9860229492186898,0.5053995680334656,1221,432,0,0,,,26.0,,,,,,,False
baseline_on_shared_skeleton,Baseline,8,9,12,3,0.7045262449071288,0.8319351210947136,0.9507772020725389,0.26,0.75,5,10,0.8416422287365348,0.8416422287365348,0.8416422282365348,0.7265822784791732,0.9934082031249394,287,54,54,15989,0.8416422287365348,0.8416422287365348,0.8416422282365348,0.9934082031249394,0.7265822784791732,785,341,20,17,,,,,,,,,,False
hough_transform_on_shared_skeleton,Hough Transform,8,9,7,2,0.8001618709441796,0.7176925576048383,0.9554455445544554,0.8333333333333334,0.7777777777777778,5,6,0.8709677419331426,0.9501466275631961,0.9088359041267269,0.8329048843166249,0.9960327148436892,324,48,17,15995,0.8709677419331426,0.9501466275631961,0.9088359041267269,0.9960327148436892,0.8329048843166249,785,341,0,0,1686.0,,,,,,,,,False
contour_based_fitting_on_shared_skeleton,Contour-based fitting,8,9,11,2,0.46347708074977,0.48198235456299965,0.8238341968911918,0.0,0.8181818181818181,5,0,0.5255972696227795,0.4516129032244821,0.485804415905119,0.32083333333266495,0.9801025390624402,154,139,187,15904,0.5255972696227795,0.4516129032244821,0.485804415905119,0.9801025390624402,0.32083333333266495,785,341,0,0,,4.0,,,,,,,,False
thinning_skeletonisation_graph_tracing_on_shared_skeleton,Thinning / skeletonisation,8,9,12,3,0.7045262449071288,0.8319351210947136,0.9507772020725389,0.26,0.75,5,10,0.8533724340150928,0.8533724340150928,0.8533724335150927,0.7442455242947718,0.9938964843749393,291,50,50,15993,0.8533724340150928,0.8533724340150928,0.8533724335150927,0.9938964843749393,0.7442455242947718,785,341,20,17,,,,,302.0,14.0,3.0,12.0,10.0,False
run_graph_vectorisation_on_shared_skeleton,Run-graph vectorisation,8,9,12,3,0.7045262449071288,0.8319351210947136,0.9507772020725389,0.26,0.75,5,10,0.8416422287365348,0.8416422287365348,0.8416422282365348,0.7265822784791732,0.9934082031249394,287,54,54,15989,0.8416422287365348,0.8416422287365348,0.8416422282365348,0.9934082031249394,0.7265822784791732,785,341,20,17,,,,,,,,,,False
sparse_pixel_ransac_vectorisation_on_shared_skeleton,Sparse-pixel RANSAC,8,9,7,2,0.7125242139630013,0.6310828709951517,0.9323671497584541,0.6571428571428571,0.7777777777777778,5,7,0.8293963254571407,0.9266862170060801,0.8753462598869215,0.7783251231507923,0.9945068359374393,316,65,25,15978,0.8293963254571407,0.9266862170060801,0.8753462598869215,0.9945068359374393,0.7783251231507923,785,341,0,0,,,,7.0,,,,,,False
mesh_pattern_local_vectorisation_on_shared_skeleton,Mesh-pattern local,8,9,14,5,0.5138521460989286,0.697366969947615,0.6787564766839378,0.0,0.6428571428571428,5,0,0.9999999999954955,0.6510263929599677,0.7886323263401405,0.6510263929599677,0.9927368164061894,222,0,119,16043,0.9999999999954955,0.6510263929599677,0.7886323263401405,0.9927368164061894,0.6510263929599677,785,341,0,0,,,26.0,,,,,,,False
baseline_on_shared_skeleton,Baseline,9,20,31,11,0.5458252330087037,0.5131199027037208,0.877025738798856,0.3,0.6451612903225806,29,46,0.4927007299264079,0.4397394136803043,0.4647160063857613,0.30269058295941503,0.9430541992186924,405,417,516,15046,0.4927007299264079,0.4397394136803043,0.4647160063857613,0.9430541992186924,0.30269058295941503,2161,921,42,51,,,,,,,,,,False
hough_transform_on_shared_skeleton,Hough Transform,9,20,17,3,0.7242066573963443,0.6602101965129488,0.9043103448275862,0.6450000000000001,0.85,29,40,0.7373831775694043,0.8566775244290373,0.792566548974631,0.6564059900160929,0.9747924804686905,789,281,132,15182,0.7373831775694043,0.8566775244290373,0.792566548974631,0.9747924804686905,0.6564059900160929,2161,921,0,0,12104.0,,,,,,,,,False
contour_based_fitting_on_shared_skeleton,Contour-based fitting,9,20,11,9,0.2440336987629516,0.2361777975059444,0.40514775977121065,0.006896551724137929,0.55,29,1,0.369999999999075,0.16069489685107416,0.2240726717954524,0.12617220801353268,0.9374389648436927,148,252,773,15211,0.369999999999075,0.16069489685107416,0.2240726717954524,0.9374389648436927,0.12617220801353268,2161,921,0,0,,4.0,,,,,,,,False
thinning_skeletonisation_graph_tracing_on_shared_skeleton,Thinning / skeletonisation,9,20,41,21,0.5704228306038832,0.6322569981078532,0.8331744518589133,0.2819672131147542,0.4878048780487805,29,61,0.6840193704592203,0.6134636264922764,0.6468231248584941,0.4780033840943503,0.9623413085936913,565,261,356,15202,0.6840193704592203,0.6134636264922764,0.6468231248584941,0.9623413085936913,0.4780033840943503,2161,921,47,57,,,,,618.0,24.0,10.0,169.0,100.0,False
run_graph_vectorisation_on_shared_skeleton,Run-graph vectorisation,9,20,42,22,0.5473854200963992,0.5889236647745197,0.8360343183984748,0.2701754385964913,0.47619047619047616,29,57,0.6751515151506968,0.6047774158516778,0.6380297818604599,0.4684608915050728,0.9614257812499413,557,268,364,15195,0.6751515151506968,0.6047774158516778,0.6380297818604599,0.9614257812499413,0.4684608915050728,2161,921,50,60,,,,,,,,,,False
sparse_pixel_ransac_vectorisation_on_shared_skeleton,Sparse-pixel RANSAC,9,20,14,6,0.6726057539733604,0.47572909369065924,0.9771210676835081,0.7724137931034485,0.7,29,29,0.646137787055693,0.6720955483163169,0.6588610958273265,0.4912698412694514,0.9608764648436914,619,339,302,15124,0.646137787055693,0.6720955483163169,0.6588610958273265,0.9608764648436914,0.4912698412694514,2161,921,0,0,,,,11.0,,,,,,False
mesh_pattern_local_vectorisation_on_shared_skeleton,Mesh-pattern local,9,20,9,11,0.22122117072930209,0.31915264928511355,0.1630123927550048,0.0,0.44999999999999996,29,0,0.9830508474520733,0.18892508143301961,0.3169398904393731,0.1883116883114845,0.9542236328124417,174,3,747,15460,0.9830508474520733,0.18892508143301961,0.3169398904393731,0.9542236328124417,0.1883116883114845,2161,921,0,0,,,24.0,,,,,,,False
baseline_on_shared_skeleton,Baseline,10,11,17,6,0.5581955488992401,0.5971218063239612,0.8382099827882961,0.22857142857142856,0.6470588235294117,5,14,0.8315565031965212,0.8074534161473966,0.8193277305908239,0.6939501779347083,0.9895019531249396,390,79,93,15822,0.8315565031965212,0.8074534161473966,0.8193277305908239,0.9895019531249396,0.6939501779347083,1500,483,27,24,,,,,,,,,,False
hough_transform_on_shared_skeleton,Hough Transform,10,11,10,1,0.70074854946604,0.7139324326352896,0.9655765920826161,0.38181818181818183,0.9090909090909091,5,11,0.8130841121480129,0.9006211180105578,0.8546168953738889,0.7461406517997493,0.9909667968749395,435,100,48,15801,0.8130841121480129,0.9006211180105578,0.8546168953738889,0.9909667968749395,0.7461406517997493,1500,483,0,0,3664.0,,,,,,,,,False
contour_based_fitting_on_shared_skeleton,Contour-based fitting,10,11,11,0,0.38725764570638976,0.3560783788694299,0.6351118760757315,0.0,1.0,5,1,0.5454545454529959,0.3975155279494876,0.45988023903216324,0.2986003110415263,0.9724731445311906,192,160,291,15741,0.5454545454529959,0.3975155279494876,0.45988023903216324,0.9724731445311906,0.2986003110415263,1500,483,0,0,,4.0,,,,,,,,False
thinning_skeletonisation_graph_tracing_on_shared_skeleton,Thinning / skeletonisation,10,11,20,9,0.5155274141791173,0.6068351602144467,0.8278829604130808,0.0875,0.55,5,16,0.7746781115863205,0.7474120082800261,0.760800842491181,0.6139455782302484,0.9861450195311898,361,105,122,15796,0.7746781115863205,0.7474120082800261,0.760800842491181,0.9861450195311898,0.6139455782302484,1500,483,27,24,,,,,400.0,15.0,6.0,47.0,15.0,False
run_graph_vectorisation_on_shared_skeleton,Run-graph vectorisation,10,11,20,9,0.5289351972181902,0.6204464508845609,0.8330464716006885,0.1125,0.55,5,16,0.8131634819515644,0.7929606625242382,0.802935009980576,0.6707530647974242,0.9885253906249396,383,88,100,15813,0.8131634819515644,0.7929606625242382,0.802935009980576,0.9885253906249396,0.6707530647974242,1500,483,28,25,,,,,,,,,,False
sparse_pixel_ransac_vectorisation_on_shared_skeleton,Sparse-pixel RANSAC,10,11,10,1,0.779334539780946,0.7281896568925139,0.8537005163511188,0.76,0.9090909090909091,5,4,0.8997912317308981,0.8923395445116101,0.8960498955480418,0.811676082860995,0.9938964843749393,431,48,52,15853,0.8997912317308981,0.8923395445116101,0.8960498955480418,0.9938964843749393,0.811676082860995,1500,483,0,0,,,,0.0,,,,,,False
mesh_pattern_local_vectorisation_on_shared_skeleton,Mesh-pattern local,10,11,11,0,0.4777505047663181,0.596951781484914,0.5456110154905336,0.0,1.0,5,0,0.9341692789939368,0.6169772256716005,0.7431421441574586,0.5912698412686681,0.9874267578124397,298,21,185,15880,0.9341692789939368,0.6169772256716005,0.7431421441574586,0.9874267578124397,0.5912698412686681,1500,483,0,0,,,32.0,,,,,,,False
baseline_on_shared_skeleton,Baseline,11,3,3,0,0.9571816672536096,0.9176379176379176,0.9712230215827338,1.0,1.0,0,0,0.9999999999927537,0.9999999999927537,0.9999999994927538,0.9999999999927537,0.9999999999999389,138,0,0,16246,0.9999999999927537,0.9999999999927537,0.9999999994927538,0.9999999999999389,0.9999999999927537,440,138,6,3,,,,,,,,,,False
hough_transform_on_shared_skeleton,Hough Transform,11,3,3,0,0.9571816672536096,0.9176379176379176,0.9712230215827338,1.0,1.0,0,0,0.9999999999927537,0.9999999999927537,0.9999999994927538,0.9999999999927537,0.9999999999999389,138,0,0,16246,0.9999999999927537,0.9999999999927537,0.9999999994927538,0.9999999999999389,0.9999999999927537,440,138,0,0,322.0,,,,,,,,,False
contour_based_fitting_on_shared_skeleton,Contour-based fitting,11,3,3,0,0.9571816672536096,0.9176379176379176,0.9712230215827338,1.0,1.0,0,0,0.9999999999927537,0.9999999999927537,0.9999999994927538,0.9999999999927537,0.9999999999999389,138,0,0,16246,0.9999999999927537,0.9999999999927537,0.9999999994927538,0.9999999999999389,0.9999999999927537,440,138,0,0,,3.0,,,,,,,,False
thinning_skeletonisation_graph_tracing_on_shared_skeleton,Thinning / skeletonisation,11,3,3,0,0.9571816672536096,0.9176379176379176,0.9712230215827338,1.0,1.0,0,0,0.9999999999927537,0.9999999999927537,0.9999999994927538,0.9999999999927537,0.9999999999999389,138,0,0,16246,0.9999999999927537,0.9999999999927537,0.9999999994927538,0.9999999999999389,0.9999999999927537,440,138,6,3,,,,,132.0,6.0,0.0,0.0,0.0,False
run_graph_vectorisation_on_shared_skeleton,Run-graph vectorisation,11,3,3,0,0.9571816672536096,0.9176379176379176,0.9712230215827338,1.0,1.0,0,0,0.9999999999927537,0.9999999999927537,0.9999999994927538,0.9999999999927537,0.9999999999999389,138,0,0,16246,0.9999999999927537,0.9999999999927537,0.9999999994927538,0.9999999999999389,0.9999999999927537,440,138,6,3,,,,,,,,,,False
sparse_pixel_ransac_vectorisation_on_shared_skeleton,Sparse-pixel RANSAC,11,3,3,0,0.9571816672536096,0.9176379176379176,0.9712230215827338,1.0,1.0,0,0,0.9999999999927537,0.9999999999927537,0.9999999994927538,0.9999999999927537,0.9999999999999389,138,0,0,16246,0.9999999999927537,0.9999999999927537,0.9999999994927538,0.9999999999999389,0.9999999999927537,440,138,0,0,,,,0.0,,,,,,False
mesh_pattern_local_vectorisation_on_shared_skeleton,Mesh-pattern local,11,3,4,1,0.8398919605574282,0.8180652680652681,0.7338129496402878,1.0,0.75,0,0,0.999999999990566,0.7681159420234195,0.8688524585178715,0.7681159420234195,0.998046874999939,106,0,32,16246,0.999999999990566,0.7681159420234195,0.8688524585178715,0.998046874999939,0.7681159420234195,440,138,0,0,,,11.0,,,,,,,False
baseline_on_shared_skeleton,Baseline,12,5,7,2,0.6799795010904336,0.7711754611754612,0.9742765273311897,0.26666666666666666,0.7142857142857143,2,3,0.8452380952347411,0.8352941176437831,0.8402366858872354,0.7244897959159031,0.9950561523436893,213,39,42,16090,0.8452380952347411,0.8352941176437831,0.8402366858872354,0.9950561523436893,0.7244897959159031,648,255,12,9,,,,,,,,,,False
hough_transform_on_shared_skeleton,Hough Transform,12,5,5,0,0.8097489615335275,0.8650012650012651,0.977491961414791,0.5,1.0,2,1,0.9920318725060079,0.9764705882314648,0.9841897228162992,0.9688715953269694,0.9995117187499389,249,2,6,16127,0.9920318725060079,0.9764705882314648,0.9841897228162992,0.9995117187499389,0.9688715953269694,648,255,0,0,643.0,,,,,,,,,False
contour_based_fitting_on_shared_skeleton,Contour-based fitting,12,5,8,3,0.5865987783833443,0.7302230802230802,0.977491961414791,0.0,0.625,2,0,0.8192307692276184,0.8352941176437831,0.8271844655162522,0.7052980132426977,0.9945678710936893,213,47,42,16082,0.8192307692276184,0.8352941176437831,0.8271844655162522,0.9945678710936893,0.7052980132426977,648,255,0,0,,3.0,,,,,,,,False
thinning_skeletonisation_graph_tracing_on_shared_skeleton,Thinning / skeletonisation,12,5,7,2,0.693908072519005,0.8021278421278423,0.9742765273311897,0.26666666666666666,0.7142857142857143,2,3,0.8725099601558864,0.8588235294083968,0.8656126477179538,0.7630662020879336,0.9958496093749392,219,32,36,16097,0.8725099601558864,0.8588235294083968,0.8656126477179538,0.9958496093749392,0.7630662020879336,648,255,12,9,,,,,230.0,9.0,2.0,9.0,5.0,False
run_graph_vectorisation_on_shared_skeleton,Run-graph vectorisation,12,5,7,2,0.7022652153761479,0.8206992706992708,0.9742765273311897,0.26666666666666666,0.7142857142857143,2,3,0.8492063492029793,0.8392156862712188,0.8441814590627623,0.7303754266186677,0.9951782226561893,214,38,41,16091,0.8492063492029793,0.8392156862712188,0.8441814590627623,0.9951782226561893,0.7303754266186677,648,255,12,9,,,,,,,,,,False
sparse_pixel_ransac_vectorisation_on_shared_skeleton,Sparse-pixel RANSAC,12,5,5,0,0.8097489615335275,0.8650012650012651,0.977491961414791,0.5,1.0,2,1,0.9920318725060079,0.9764705882314648,0.9841897228162992,0.9688715953269694,0.9995117187499389,249,2,6,16127,0.9920318725060079,0.9764705882314648,0.9841897228162992,0.9995117187499389,0.9688715953269694,648,255,0,0,,,,0.0,,,,,,False
mesh_pattern_local_vectorisation_on_shared_skeleton,Mesh-pattern local,12,5,12,7,0.646025641025641,0.7333333333333333,0.9967948717948718,0.3,0.41666666666666663,2,1,0.7991266375510956,0.7176470588207151,0.7561983466057561,0.6079734219248905,0.9927978515624394,183,46,72,16083,0.7991266375510956,0.7176470588207151,0.7561983466057561,0.9927978515624394,0.6079734219248905,648,255,0,0,,,32.0,,,,,,,False
baseline_on_shared_skeleton,Baseline,13,13,12,1,0.7116068839593117,0.7112903972295302,0.921092564491654,0.45999999999999996,0.9230769230769231,10,6,0.8486394557808696,0.7971246006377043,0.822075782036203,0.6979020979011218,0.9868164062499397,499,89,127,15669,0.8486394557808696,0.7971246006377043,0.822075782036203,0.9868164062499397,0.6979020979011218,1396,626,34,32,,,,,,,,,,False
hough_transform_on_shared_skeleton,Hough Transform,13,13,11,2,0.7521462313470227,0.6327643588571921,0.9821162444113264,0.7454545454545454,0.8461538461538461,10,11,0.699386503066412,0.7284345047911687,0.7136150229732687,0.5547445255467703,0.9776611328124403,456,196,170,15562,0.699386503066412,0.7284345047911687,0.7136150229732687,0.9776611328124403,0.5547445255467703,1396,626,0,0,6567.0,,,,,,,,,False
contour_based_fitting_on_shared_skeleton,Contour-based fitting,13,13,11,2,0.3965799669317115,0.32075420585553677,0.6631259484066767,0.13999999999999999,0.8461538461538461,10,2,0.41119221411092166,0.2699680511177796,0.325940211671298,0.19470046082926878,0.9573364257811915,169,242,457,15516,0.41119221411092166,0.2699680511177796,0.325940211671298,0.9573364257811915,0.19470046082926878,1396,626,0,0,,4.0,,,,,,,,False
thinning_skeletonisation_graph_tracing_on_shared_skeleton,Thinning / skeletonisation,13,13,14,1,0.662356495297002,0.6528075307970567,0.928679817905918,0.36,0.9285714285714286,10,8,0.7779661016935967,0.7332268370595316,0.7549342100255123,0.6063408190216562,0.98181152343744,459,131,167,15627,0.7779661016935967,0.7332268370595316,0.7549342100255123,0.98181152343744,0.6063408190216562,1396,626,31,29,,,,,487.0,20.0,11.0,70.0,38.0,False
run_graph_vectorisation_on_shared_skeleton,Run-graph vectorisation,13,13,12,1,0.6922487655981584,0.6712903972295301,0.9393019726858877,0.43999999999999995,0.9230769230769231,10,8,0.8464106844727105,0.8099041533533389,0.8277551015397078,0.7061281337037519,0.9871215820311897,507,92,119,15666,0.8464106844727105,0.8099041533533389,0.8277551015397078,0.9871215820311897,0.7061281337037519,1396,626,34,32,,,,,,,,,,False
sparse_pixel_ransac_vectorisation_on_shared_skeleton,Sparse-pixel RANSAC,13,13,12,1,0.6682081246140122,0.6046559586497667,0.9307909604519774,0.47058823529411753,0.9230769230769231,10,17,0.6288659793805171,0.6821086261969934,0.6544061297680209,0.4863325740313368,0.9724731445311906,427,252,199,15506,0.6288659793805171,0.6821086261969934,0.6544061297680209,0.9724731445311906,0.4863325740313368,1396,626,0,0,,,,1.0,,,,,,False
mesh_pattern_local_vectorisation_on_shared_skeleton,Mesh-pattern local,13,13,18,5,0.45649222195600286,0.5936062378167641,0.5857359635811836,0.0,0.7222222222222222,10,2,0.7628865979361782,0.47284345047847787,0.5838264295066699,0.4122562674088966,0.9742431640624405,296,92,330,15666,0.7628865979361782,0.47284345047847787,0.5838264295066699,0.9742431640624405,0.4122562674088966,1396,626,0,0,,,38.0,,,,,,,False
baseline_on_shared_skeleton,Baseline,14,17,18,1,0.7665185762125151,0.8276176175666653,0.9625167336010709,0.42857142857142855,0.9444444444444444,6,7,0.9155749636085654,0.9129172714065125,0.9142441855451837,0.8420348058891004,0.9927978515624394,629,58,60,15637,0.9155749636085654,0.9129172714065125,0.9142441855451837,0.9927978515624394,0.8420348058891004,1628,689,35,28,,,,,,,,,,False
hough_transform_on_shared_skeleton,Hough Transform,14,17,16,1,0.7047308737555757,0.7751316298797969,0.8402699662542182,0.375,0.9411764705882353,6,16,0.7726190476181278,0.9419448476038579,0.8489208628131186,0.7374999999991619,0.9859008789061898,649,191,40,15504,0.7726190476181278,0.9419448476038579,0.8489208628131186,0.9859008789061898,0.7374999999991619,1628,689,0,0,6933.0,,,,,,,,,False
contour_based_fitting_on_shared_skeleton,Contour-based fitting,14,17,18,1,0.4956800941491306,0.5447658198108004,0.7804551539491298,0.0,0.9444444444444444,6,3,0.6895943562598067,0.5674891146581024,0.6226114644718789,0.45202312138676065,0.9710693359374407,391,176,298,15519,0.6895943562598067,0.5674891146581024,0.6226114644718789,0.9710693359374407,0.45202312138676065,1628,689,0,0,,9.0,,,,,,,,False
thinning_skeletonisation_graph_tracing_on_shared_skeleton,Thinning / skeletonisation,14,17,22,5,0.6755291353899986,0.8206084690275223,0.9504685408299867,0.15555555555555556,0.7727272727272727,6,9,0.9021897810205808,0.8969521044979725,0.8995633182759875,0.8174603174592362,0.9915771484374395,618,67,71,15628,0.9021897810205808,0.8969521044979725,0.8995633182759875,0.9915771484374395,0.8174603174592362,1628,689,39,32,,,,,605.0,28.0,2.0,36.0,18.0,False
run_graph_vectorisation_on_shared_skeleton,Run-graph vectorisation,14,17,24,7,0.6521855234687438,0.792478103830374,0.9451137884872824,0.14285714285714285,0.7083333333333333,6,14,0.8740849194716338,0.8664731494907598,0.8702623901692949,0.7703225806441674,0.9891357421874396,597,86,92,15609,0.8740849194716338,0.8664731494907598,0.8702623901692949,0.9891357421874396,0.7703225806441674,1628,689,39,32,,,,,,,,,,False
sparse_pixel_ransac_vectorisation_on_shared_skeleton,Sparse-pixel RANSAC,14,17,16,1,0.72459271938604,0.7769139665595582,0.8686046511627907,0.42857142857142855,0.9411764705882353,6,14,0.8093480934799393,0.9550072568926633,0.8761651126846646,0.779620853079645,0.9886474609374396,658,155,31,15540,0.8093480934799393,0.9550072568926633,0.8761651126846646,0.9886474609374396,0.779620853079645,1628,689,0,0,,,,1.0,,,,,,False
mesh_pattern_local_vectorisation_on_shared_skeleton,Mesh-pattern local,14,17,19,2,0.5077712627101789,0.6915611814345992,0.535475234270415,0.0,0.8947368421052632,6,0,0.952853598012524,0.5573294629890314,0.7032967028297121,0.5423728813551661,0.9802246093749402,384,19,305,15676,0.952853598012524,0.5573294629890314,0.7032967028297121,0.9802246093749402,0.5423728813551661,1628,689,0,0,,,40.0,,,,,,,False
baseline_on_shared_skeleton,Baseline,15,19,27,8,0.5949025435922178,0.6032316503089006,0.8487229862475442,0.3333333333333333,0.7037037037037037,32,39,0.6878901373274808,0.6575178997605519,0.672361195350563,0.5064338235289463,0.9672241210936909,551,250,287,15296,0.6878901373274808,0.6575178997605519,0.672361195350563,0.9672241210936909,0.5064338235289463,2243,838,39,49,,,,,,,,,,False
hough_transform_on_shared_skeleton,Hough Transform,15,19,16,3,0.7693234047471847,0.6679107405438994,0.9852652259332023,0.75,0.8421052631578947,32,27,0.8064516129023587,0.8949880668247077,0.8484162890931544,0.7367387033391584,0.9836425781249399,750,180,88,15366,0.8064516129023587,0.8949880668247077,0.8484162890931544,0.9836425781249399,0.7367387033391584,2243,838,0,0,9687.0,,,,,,,,,False
contour_based_fitting_on_shared_skeleton,Contour-based fitting,15,19,8,11,0.1549290158701623,0.08402549718639683,0.343811394891945,0.025,0.42105263157894735,32,1,0.1292307692303716,0.05011933174218363,0.07222699873731543,0.03746654772521189,0.9341430664061929,42,283,796,15263,0.1292307692303716,0.05011933174218363,0.07222699873731543,0.9341430664061929,0.03746654772521189,2243,838,0,0,,1.0,,,,,,,,False
thinning_skeletonisation_graph_tracing_on_shared_skeleton,Thinning / skeletonisation,15,19,40,21,0.6025942846186519,0.6761746880570412,0.8388998035363457,0.332142857142857,0.475,32,56,0.7731196054244475,0.7482100238654557,0.7604608848842938,0.6135029354201433,0.9758911132811904,627,184,211,15362,0.7731196054244475,0.7482100238654557,0.7604608848842938,0.9758911132811904,0.6135029354201433,2243,838,48,58,,,,,647.0,20.0,11.0,94.0,66.0,False
run_graph_vectorisation_on_shared_skeleton,Run-graph vectorisation,15,19,38,19,0.6204317878768634,0.7065523970353692,0.843811394891945,0.3348837209302325,0.5,32,43,0.787545787544826,0.7696897374692486,0.7785153887568206,0.6373517786554967,0.9776000976561903,645,174,193,15372,0.787545787544826,0.7696897374692486,0.7785153887568206,0.9776000976561903,0.6373517786554967,2243,838,50,60,,,,,,,,,,False
sparse_pixel_ransac_vectorisation_on_shared_skeleton,Sparse-pixel RANSAC,15,19,15,4,0.7047628237083554,0.5925125177541053,0.991236611489776,0.6437500000000003,0.7894736842105263,32,29,0.6624338624331615,0.7470167064430226,0.7021873242346082,0.5410544511663431,0.9675903320311909,626,319,212,15227,0.6624338624331615,0.7470167064430226,0.7021873242346082,0.9675903320311909,0.5410544511663431,2243,838,0,0,,,,0.0,,,,,,False
mesh_pattern_local_vectorisation_on_shared_skeleton,Mesh-pattern local,15,19,14,5,0.3445710758278928,0.5089780154486038,0.20923379174852652,0.0,0.736842105263158,32,0,0.8520179372159102,0.2267303102622593,0.3581526858124633,0.21814006888608709,0.9584350585936915,190,33,648,15513,0.8520179372159102,0.2267303102622593,0.3581526858124633,0.9584350585936915,0.21814006888608709,2243,838,0,0,,,25.0,,,,,,,False
baseline_on_shared_skeleton,Baseline,16,12,22,10,0.5163786224238633,0.5504652056901193,0.9502487562189055,0.0962962962962963,0.5454545454545454,5,27,0.5977859778586757,0.5510204081623282,0.5734513269334419,0.40198511166203227,0.9705810546874407,324,218,264,15578,0.5977859778586757,0.5510204081623282,0.5734513269334419,0.9705810546874407,0.40198511166203227,1367,588,38,33,,,,,,,,,,False
hough_transform_on_shared_skeleton,Hough Transform,16,12,11,1,0.6523439755466317,0.6777254934664029,0.8410041841004184,0.35000000000000003,0.9166666666666666,5,12,0.7168141592909781,0.8265306122434923,0.7677725113496553,0.6230769230761243,0.98205566406244,486,192,102,15604,0.7168141592909781,0.8265306122434923,0.7677725113496553,0.98205566406244,0.6230769230761243,1367,588,0,0,4555.0,,,,,,,,,False
contour_based_fitting_on_shared_skeleton,Contour-based fitting,16,12,16,4,0.4240357465691636,0.4454341447621361,0.7429519071310116,0.0,0.75,5,2,0.5448275862056441,0.40306122448911047,0.46334310801467715,0.3015267175568683,0.9664916992186909,237,198,351,15598,0.5448275862056441,0.40306122448911047,0.46334310801467715,0.9664916992186909,0.3015267175568683,1367,588,0,0,,5.0,,,,,,,,False
thinning_skeletonisation_graph_tracing_on_shared_skeleton,Thinning / skeletonisation,16,12,21,9,0.585171953798888,0.646587600086923,0.9353233830845771,0.2,0.5714285714285714,5,18,0.6273408239688627,0.5697278911554937,0.5971479495892202,0.4256670902154693,0.9724121093749406,335,199,253,15597,0.6273408239688627,0.5697278911554937,0.5971479495892202,0.9724121093749406,0.4256670902154693,1367,588,37,32,,,,,385.0,21.0,8.0,147.0,27.0,False
run_graph_vectorisation_on_shared_skeleton,Run-graph vectorisation,16,12,23,11,0.5503081678014822,0.6069289589474135,0.9402985074626866,0.14782608695652175,0.5217391304347826,5,23,0.5831775700923679,0.5306122448970568,0.5556544963834722,0.38471023427819395,0.9695434570311908,312,223,276,15573,0.5831775700923679,0.5306122448970568,0.5556544963834722,0.9695434570311908,0.38471023427819395,1367,588,41,36,,,,,,,,,,False
sparse_pixel_ransac_vectorisation_on_shared_skeleton,Sparse-pixel RANSAC,16,12,10,2,0.5777436725500147,0.5407821001246608,0.8802919708029198,0.3,0.8333333333333334,5,12,0.7169517884903314,0.7840136054408435,0.7489845648937699,0.5987012987005211,0.98114013671869,461,182,127,15614,0.7169517884903314,0.7840136054408435,0.7489845648937699,0.98114013671869,0.5987012987005211,1367,588,0,0,,,,4.0,,,,,,False
mesh_pattern_local_vectorisation_on_shared_skeleton,Mesh-pattern local,16,12,17,5,0.5105132898006175,0.7040530969869887,0.5655058043117744,0.039999999999999994,0.7058823529411764,5,3,0.9198813056352526,0.5272108843528449,0.6702702698056368,0.5040650406495869,0.98138427734369,310,27,278,15769,0.9198813056352526,0.5272108843528449,0.6702702698056368,0.98138427734369,0.5040650406495869,1367,588,0,0,,,40.0,,,,,,,False
baseline_on_shared_skeleton,Baseline,17,2,2,0,1.0,1.0,1.0,1.0,1.0,0,0,0.9999999999923664,0.9999999999923664,0.9999999994923665,0.9999999999923664,0.9999999999999389,131,0,0,16253,0.9999999999923664,0.9999999999923664,0.9999999994923665,0.9999999999999389,0.9999999999923664,289,131,4,2,,,,,,,,,,False
hough_transform_on_shared_skeleton,Hough Transform,17,2,2,0,1.0,1.0,1.0,1.0,1.0,0,0,0.9999999999923664,0.9999999999923664,0.9999999994923665,0.9999999999923664,0.9999999999999389,131,0,0,16253,0.9999999999923664,0.9999999999923664,0.9999999994923665,0.9999999999999389,0.9999999999923664,289,131,0,0,158.0,,,,,,,,,False
contour_based_fitting_on_shared_skeleton,Contour-based fitting,17,2,2,0,1.0,1.0,1.0,1.0,1.0,0,0,0.9999999999923664,0.9999999999923664,0.9999999994923665,0.9999999999923664,0.9999999999999389,131,0,0,16253,0.9999999999923664,0.9999999999923664,0.9999999994923665,0.9999999999999389,0.9999999999923664,289,131,0,0,,2.0,,,,,,,,False
thinning_skeletonisation_graph_tracing_on_shared_skeleton,Thinning / skeletonisation,17,2,2,0,1.0,1.0,1.0,1.0,1.0,0,0,0.9999999999923664,0.9999999999923664,0.9999999994923665,0.9999999999923664,0.9999999999999389,131,0,0,16253,0.9999999999923664,0.9999999999923664,0.9999999994923665,0.9999999999999389,0.9999999999923664,289,131,4,2,,,,,127.0,4.0,0.0,0.0,0.0,False
run_graph_vectorisation_on_shared_skeleton,Run-graph vectorisation,17,2,2,0,1.0,1.0,1.0,1.0,1.0,0,0,0.9999999999923664,0.9999999999923664,0.9999999994923665,0.9999999999923664,0.9999999999999389,131,0,0,16253,0.9999999999923664,0.9999999999923664,0.9999999994923665,0.9999999999999389,0.9999999999923664,289,131,4,2,,,,,,,,,,False
sparse_pixel_ransac_vectorisation_on_shared_skeleton,Sparse-pixel RANSAC,17,2,2,0,1.0,1.0,1.0,1.0,1.0,0,0,0.9999999999923664,0.9999999999923664,0.9999999994923665,0.9999999999923664,0.9999999999999389,131,0,0,16253,0.9999999999923664,0.9999999999923664,0.9999999994923665,0.9999999999999389,0.9999999999923664,289,131,0,0,,,,0.0,,,,,,False
mesh_pattern_local_vectorisation_on_shared_skeleton,Mesh-pattern local,17,2,3,1,0.9444993672888327,0.9839449541284404,0.9252873563218391,1.0,0.6666666666666667,0,0,0.9999999999923078,0.9923664122061652,0.9961685818678528,0.9923664122061652,0.9999389648436889,130,0,1,16253,0.9999999999923078,0.9923664122061652,0.9961685818678528,0.9999389648436889,0.9923664122061652,289,131,0,0,,,22.0,,,,,,,False
baseline_on_shared_skeleton,Baseline,18,18,20,2,0.6824258262128742,0.7083813299371631,0.9270946681175191,0.35294117647058826,0.9,17,11,0.7206235011981768,0.6737668161427425,0.6964078789899082,0.5342222222217473,0.9680175781249409,601,233,291,15259,0.7206235011981768,0.6737668161427425,0.6964078789899082,0.9680175781249409,0.5342222222217473,2436,892,41,40,,,,,,,,,,False
hough_transform_on_shared_skeleton,Hough Transform,18,18,18,0,0.7414089940972737,0.7964559912518105,0.8212689901697945,0.4750000000000001,1.0,17,32,0.7709291628327775,0.9394618834070185,0.8468923693877783,0.734443470639146,0.98150634765619,838,249,54,15243,0.7709291628327775,0.9394618834070185,0.8468923693877783,0.98150634765619,0.734443470639146,2436,892,0,0,11126.0,,,,,,,,,False
contour_based_fitting_on_shared_skeleton,Contour-based fitting,18,18,13,5,0.4117062852924913,0.418003302445371,0.6539717083786725,0.08235294117647059,0.7222222222222222,17,2,0.39414802065336635,0.25672645739881533,0.3109300741993954,0.18408360128602566,0.9380493164061927,229,352,663,15140,0.39414802065336635,0.25672645739881533,0.3109300741993954,0.9380493164061927,0.18408360128602566,2436,892,0,0,,6.0,,,,,,,,False
thinning_skeletonisation_graph_tracing_on_shared_skeleton,Thinning / skeletonisation,18,18,22,4,0.7512818103712884,0.8345431264282976,0.910772578890098,0.44705882352941173,0.8181818181818181,17,14,0.8657799274475626,0.8026905829587414,0.8330424660500657,0.7138584247251109,0.98248291015619,716,111,176,15381,0.8657799274475626,0.8026905829587414,0.8330424660500657,0.98248291015619,0.7138584247251109,2436,892,46,45,,,,,715.0,27.0,6.0,85.0,59.0,False
run_graph_vectorisation_on_shared_skeleton,Run-graph vectorisation,18,18,24,6,0.7467807089629894,0.8210515857857407,0.9085963003264418,0.48235294117647054,0.75,17,17,0.8649635036485828,0.7970852017928284,0.8296382725453735,0.708873379859712,0.98217773437494,711,111,181,15381,0.8649635036485828,0.7970852017928284,0.8296382725453735,0.98217773437494,0.708873379859712,2436,892,45,44,,,,,,,,,,False
sparse_pixel_ransac_vectorisation_on_shared_skeleton,Sparse-pixel RANSAC,18,18,18,0,0.66871214957254,0.7210476757985569,0.7489812550937245,0.37777777777777777,1.0,17,45,0.657804459690688,0.859865470851054,0.7453838673409859,0.5941130906269604,0.9680175781249409,767,399,125,15093,0.657804459690688,0.859865470851054,0.7453838673409859,0.9680175781249409,0.5941130906269604,2436,892,0,0,,,,4.0,,,,,,False
mesh_pattern_local_vectorisation_on_shared_skeleton,Mesh-pattern local,18,18,18,0,0.5086777817395992,0.6557245349261073,0.5680087051142546,0.0,1.0,17,3,0.9390962671887247,0.5358744394612827,0.6823697354393196,0.5178764897069146,0.9728393554686906,478,31,414,15461,0.9390962671887247,0.5358744394612827,0.6823697354393196,0.9728393554686906,0.5178764897069146,2436,892,0,0,,,49.0,,,,,,,False
baseline_on_shared_skeleton,Baseline,19,10,8,2,0.5544088671604678,0.6836956087334755,0.833729216152019,0.0,0.8,2,0,0.7821229050257483,0.7310704960816421,0.7557354920761272,0.6073752711483571,0.9889526367186896,280,78,103,15923,0.7821229050257483,0.7310704960816421,0.7557354920761272,0.9889526367186896,0.6073752711483571,1041,383,16,9,,,,,,,,,,False
hough_transform_on_shared_skeleton,Hough Transform,19,10,9,1,0.6407682133915024,0.6935946350587548,0.8807531380753137,0.25,0.9,2,4,0.7515657620026064,0.9399477806763971,0.8352668208499712,0.7171314741021572,0.9913330078124395,360,119,23,15882,0.7515657620026064,0.9399477806763971,0.8352668208499712,0.9913330078124395,0.7171314741021572,1041,383,0,0,1603.0,,,,,,,,,False
contour_based_fitting_on_shared_skeleton,Contour-based fitting,19,10,10,0,0.5869457225253908,0.7168337249046689,0.8218527315914489,0.0,1.0,2,0,0.7163323782214432,0.652741514358609,0.68306010878883,0.5186721991690484,0.9858398437499398,250,99,133,15902,0.7163323782214432,0.652741514358609,0.68306010878883,0.9858398437499398,0.5186721991690484,1041,383,0,0,,7.0,,,,,,,,False
thinning_skeletonisation_graph_tracing_on_shared_skeleton,Thinning / skeletonisation,19,10,8,2,0.5544088671604678,0.6836956087334755,0.833729216152019,0.0,0.8,2,0,0.7821229050257483,0.7310704960816421,0.7557354920761272,0.6073752711483571,0.9889526367186896,280,78,103,15923,0.7821229050257483,0.7310704960816421,0.7557354920761272,0.9889526367186896,0.6073752711483571,1041,383,16,9,,,,,327.0,15.0,1.0,31.0,9.0,False
run_graph_vectorisation_on_shared_skeleton,Run-graph vectorisation,19,10,8,2,0.5532746586020323,0.6801194577537903,0.836104513064133,0.0,0.8,2,0,0.7821229050257483,0.7310704960816421,0.7557354920761272,0.6073752711483571,0.9889526367186896,280,78,103,15923,0.7821229050257483,0.7310704960816421,0.7557354920761272,0.9889526367186896,0.6073752711483571,1041,383,16,9,,,,,,,,,,False
sparse_pixel_ransac_vectorisation_on_shared_skeleton,Sparse-pixel RANSAC,19,10,8,2,0.5952802042412613,0.5829563371864145,0.9314159292035398,0.26666666666666666,0.8,2,3,0.6894273127738119,0.8172323759769785,0.7479091990239134,0.5973282442736693,0.9871215820311897,313,141,70,15860,0.6894273127738119,0.8172323759769785,0.7479091990239134,0.9871215820311897,0.5973282442736693,1041,383,0,0,,,,2.0,,,,,,False
mesh_pattern_local_vectorisation_on_shared_skeleton,Mesh-pattern local,19,10,8,2,0.5236161298358293,0.5535095838526476,0.47268408551068886,0.4,0.8,2,1,0.8955223880552462,0.46997389033819853,0.6164383557108334,0.4455445544543427,0.9863281249999398,180,21,203,15980,0.8955223880552462,0.46997389033819853,0.6164383557108334,0.9863281249999398,0.4455445544543427,1041,383,0,0,,,28.0,,,,,,,False
baseline_on_shared_skeleton,Baseline,20,20,36,16,0.581409331367808,0.6247153990786436,0.9387755102040817,0.22790697674418597,0.5555555555555556,26,43,0.6055825242711097,0.5815850815844038,0.5933412599037794,0.4218089602701422,0.9582519531249415,499,325,359,15201,0.6055825242711097,0.5815850815844038,0.5933412599037794,0.9582519531249415,0.4218089602701422,1894,858,44,49,,,,,,,,,,False
hough_transform_on_shared_skeleton,Hough Transform,20,20,19,1,0.759705082356941,0.7530533908680859,0.8479052823315119,0.625,0.95,26,40,0.7475049900192141,0.8729603729593556,0.8053763435881524,0.6741674167410674,0.9779052734374403,749,253,109,15273,0.7475049900192141,0.8729603729593556,0.8053763435881524,0.9779052734374403,0.6741674167410674,1894,858,0,0,10818.0,,,,,,,,,False
contour_based_fitting_on_shared_skeleton,Contour-based fitting,20,20,14,6,0.3279266563187906,0.3340009954237833,0.5381310418904404,0.0,0.7,26,0,0.5598377281935906,0.32167832167794674,0.4085862319563204,0.2567441860462728,0.9512329101561919,276,217,582,15309,0.5598377281935906,0.32167832167794674,0.4085862319563204,0.9512329101561919,0.2567441860462728,1894,858,0,0,,5.0,,,,,,,,False
thinning_skeletonisation_graph_tracing_on_shared_skeleton,Thinning / skeletonisation,20,20,38,18,0.6247410147891529,0.7109732497378122,0.9548872180451128,0.2447761194029851,0.5263157894736843,26,67,0.7161520190015248,0.7027972027963837,0.7094117642050921,0.5496809480396083,0.9698486328124408,603,239,255,15287,0.7161520190015248,0.7027972027963837,0.7094117642050921,0.9698486328124408,0.5496809480396083,1894,858,46,51,,,,,631.0,29.0,13.0,82.0,103.0,False
run_graph_vectorisation_on_shared_skeleton,Run-graph vectorisation,20,20,38,18,0.6343357598160382,0.731651547722027,0.9387755102040817,0.2588235294117647,0.5263157894736843,26,51,0.7065217391295815,0.6818181818173872,0.6939501774352782,0.5313351498632777,0.9685058593749408,585,243,273,15283,0.7065217391295815,0.6818181818173872,0.6939501774352782,0.9685058593749408,0.5313351498632777,1894,858,49,55,,,,,,,,,,False
sparse_pixel_ransac_vectorisation_on_shared_skeleton,Sparse-pixel RANSAC,20,20,18,2,0.6566982144354588,0.6130940829346397,0.8290293855743545,0.5000000000000002,0.9,26,44,0.6348588120733838,0.7599067599058742,0.6917771878321974,0.5287915652874868,0.9645385742186912,652,375,206,15151,0.6348588120733838,0.7599067599058742,0.6917771878321974,0.9645385742186912,0.5287915652874868,1894,858,0,0,,,,1.0,,,,,,False
mesh_pattern_local_vectorisation_on_shared_skeleton,Mesh-pattern local,20,20,13,7,0.3422436886974149,0.472927807486631,0.3029001074113856,0.015384615384615385,0.65,26,1,0.9283276450480262,0.3170163170159475,0.47263249310358607,0.30944254835004614,0.9629516601561912,272,21,586,15505,0.9283276450480262,0.3170163170159475,0.47263249310358607,0.9629516601561912,0.30944254835004614,1894,858,0,0,,,30.0,,,,,,,False
baseline_on_shared_skeleton,Baseline,21,7,7,0,0.8808913021244266,0.9272331966401398,0.9848484848484849,0.6666666666666666,1.0,3,2,0.9944598337922591,0.9944598337922591,0.9944598332922591,0.988980716250719,0.9997558593749389,359,2,2,16021,0.9944598337922591,0.9944598337922591,0.9944598332922591,0.9997558593749389,0.988980716250719,757,361,16,12,,,,,,,,,,False
hough_transform_on_shared_skeleton,Hough Transform,21,7,7,0,0.879458236383485,0.895415014821958,0.9451073985680191,0.75,1.0,3,4,0.8635170603651876,0.9113573407176971,0.8867924523281616,0.7966101694895966,0.9948730468749393,329,52,32,15971,0.8635170603651876,0.9113573407176971,0.8867924523281616,0.9948730468749393,0.7966101694895966,757,361,0,0,1837.0,,,,,,,,,False
contour_based_fitting_on_shared_skeleton,Contour-based fitting,21,7,11,4,0.4382056217916874,0.46761743114202137,0.8207070707070707,0.0,0.6363636363636364,3,0,0.44236760124472785,0.393351800552927,0.4164222868905282,0.262962962962476,0.9757080078124404,142,179,219,15844,0.44236760124472785,0.393351800552927,0.4164222868905282,0.9757080078124404,0.262962962962476,757,361,0,0,,4.0,,,,,,,,False
thinning_skeletonisation_graph_tracing_on_shared_skeleton,Thinning / skeletonisation,21,7,7,0,0.8808913021244266,0.9272331966401398,0.9848484848484849,0.6666666666666666,1.0,3,2,0.9944598337922591,0.9944598337922591,0.9944598332922591,0.988980716250719,0.9997558593749389,359,2,2,16021,0.9944598337922591,0.9944598337922591,0.9944598332922591,0.9997558593749389,0.988980716250719,757,361,16,12,,,,,329.0,13.0,1.0,9.0,9.0,False
run_graph_vectorisation_on_shared_skeleton,Run-graph vectorisation,21,7,10,3,0.7003458475789719,0.8108695602765034,0.9772727272727273,0.27999999999999997,0.7,3,5,0.7749999999978473,0.772853185593427,0.7739251035200455,0.6312217194555855,0.9900512695311895,279,81,82,15942,0.7749999999978473,0.772853185593427,0.7739251035200455,0.9900512695311895,0.6312217194555855,757,361,17,13,,,,,,,,,,False
sparse_pixel_ransac_vectorisation_on_shared_skeleton,Sparse-pixel RANSAC,21,7,7,0,0.879458236383485,0.895415014821958,0.9451073985680191,0.75,1.0,3,4,0.8635170603651876,0.9113573407176971,0.8867924523281616,0.7966101694895966,0.9948730468749393,329,52,32,15971,0.8635170603651876,0.9113573407176971,0.8867924523281616,0.9948730468749393,0.7966101694895966,757,361,0,0,,,,0.0,,,,,,False
mesh_pattern_local_vectorisation_on_shared_skeleton,Mesh-pattern local,21,7,11,4,0.5588748137108793,0.7267925153171055,0.8409090909090909,0.0,0.6363636363636364,3,0,0.9999999999963637,0.7617728531834854,0.8647798737202593,0.7617728531834854,0.9947509765624393,275,0,86,16023,0.9999999999963637,0.7617728531834854,0.8647798737202593,0.9947509765624393,0.7617728531834854,757,361,0,0,,,31.0,,,,,,,False
baseline_on_shared_skeleton,Baseline,22,16,18,2,0.6394668696186387,0.5921464563952461,0.9091967403958091,0.4090909090909091,0.8888888888888888,18,22,0.6923076923067741,0.6779220779211975,0.6850393695778961,0.5209580838318154,0.9707031249999407,522,232,248,15382,0.6923076923067741,0.6779220779211975,0.6850393695778961,0.9707031249999407,0.5209580838318154,1834,770,36,39,,,,,,,,,,False
hough_transform_on_shared_skeleton,Hough Transform,22,16,14,2,0.7901200949306608,0.6864051685565019,0.980593607305936,0.7904761904761907,0.875,18,21,0.7738095238086026,0.8441558441547479,0.8074534156490104,0.677083333332628,0.98107910156244,650,190,120,15424,0.7738095238086026,0.8441558441547479,0.8074534156490104,0.98107910156244,0.677083333332628,1834,770,0,0,10399.0,,,,,,,,,False
contour_based_fitting_on_shared_skeleton,Contour-based fitting,22,16,10,6,0.23407474346628354,0.20277507343820345,0.40162980209545984,0.0,0.625,18,0,0.24615384615308877,0.10389610389596897,0.14611872104349785,0.07881773399007014,0.9429321289061924,80,245,690,15369,0.24615384615308877,0.10389610389596897,0.14611872104349785,0.9429321289061924,0.07881773399007014,1834,770,0,0,,3.0,,,,,,,,False
thinning_skeletonisation_graph_tracing_on_shared_skeleton,Thinning / skeletonisation,22,16,25,9,0.7298432094664558,0.7887219526008002,0.910360884749709,0.5153846153846154,0.64,18,26,0.9463350785327928,0.9389610389598195,0.9426336370476703,0.8914919852023533,0.9946289062499393,723,41,47,15573,0.9463350785327928,0.9389610389598195,0.9426336370476703,0.9946289062499393,0.8914919852023533,1834,770,43,48,,,,,634.0,23.0,6.0,41.0,66.0,False
run_graph_vectorisation_on_shared_skeleton,Run-graph vectorisation,22,16,26,10,0.6615911498264451,0.7071407560196038,0.9091967403958091,0.3999999999999999,0.6153846153846154,18,27,0.8575197889170745,0.8441558441547479,0.8507853398130533,0.7403189066050794,0.9860839843749398,650,108,120,15506,0.8575197889170745,0.8441558441547479,0.8507853398130533,0.9860839843749398,0.7403189066050794,1834,770,45,50,,,,,,,,,,False
sparse_pixel_ransac_vectorisation_on_shared_skeleton,Sparse-pixel RANSAC,22,16,15,1,0.741514808445329,0.6600250179193851,0.9128586609989373,0.672727272727273,0.9375,18,22,0.7463848720792587,0.8714285714274397,0.8040742954876435,0.6723446893780838,0.9800415039061902,671,228,99,15386,0.7463848720792587,0.8714285714274397,0.8040742954876435,0.9800415039061902,0.6723446893780838,1834,770,0,0,,,,1.0,,,,,,False
mesh_pattern_local_vectorisation_on_shared_skeleton,Mesh-pattern local,22,16,17,1,0.46281277310795294,0.6511683178791932,0.3783469150174622,0.0,0.9411764705882353,18,0,0.967741935481033,0.428571428570872,0.5940594055140761,0.4225352112670646,0.9724731445311906,330,11,440,15603,0.967741935481033,0.428571428570872,0.5940594055140761,0.9724731445311906,0.4225352112670646,1834,770,0,0,,,37.0,,,,,,,False
baseline_on_shared_skeleton,Baseline,23,16,20,4,0.5835483383328963,0.5699724773748542,0.8811369509043928,0.2833333333333334,0.8,10,12,0.7527910685793416,0.7421383647787073,0.7474267611773849,0.5967130214910282,0.9805297851561902,472,155,164,15593,0.7527910685793416,0.7421383647787073,0.7474267611773849,0.9805297851561902,0.5967130214910282,1418,636,36,35,,,,,,,,,,False
hough_transform_on_shared_skeleton,Hough Transform,23,16,13,3,0.7224352464480984,0.5845603811393285,0.9948320413436692,0.7166666666666667,0.8125,10,12,0.8270893371746008,0.9025157232690212,0.8631578942364949,0.759259259258255,0.9888916015624396,574,120,62,15628,0.8270893371746008,0.9025157232690212,0.8631578942364949,0.9888916015624396,0.759259259258255,1418,636,0,0,6138.0,,,,,,,,,False
contour_based_fitting_on_shared_skeleton,Contour-based fitting,23,16,12,4,0.36598026779422127,0.3307744107744108,0.6356589147286822,0.06,0.75,10,1,0.482546201231042,0.369496855345331,0.418521816070835,0.2646396396393416,0.9601440429686914,235,252,401,15496,0.482546201231042,0.369496855345331,0.418521816070835,0.9601440429686914,0.2646396396393416,1418,636,0,0,,5.0,,,,,,,,False
thinning_skeletonisation_graph_tracing_on_shared_skeleton,Thinning / skeletonisation,23,16,21,5,0.5881377541646999,0.5939339453116544,0.8733850129198967,0.28,0.7619047619047619,10,15,0.8227642276409386,0.7955974842754786,0.8089528372286638,0.6791946308715716,0.9854125976561898,506,109,130,15639,0.8227642276409386,0.7955974842754786,0.8089528372286638,0.9854125976561898,0.6791946308715716,1418,636,37,36,,,,,525.0,19.0,2.0,63.0,27.0,False
run_graph_vectorisation_on_shared_skeleton,Run-graph vectorisation,23,16,21,5,0.5861066289591561,0.5899945513722604,0.872093023255814,0.28,0.7619047619047619,10,15,0.8227642276409386,0.7955974842754786,0.8089528372286638,0.6791946308715716,0.9854125976561898,506,109,130,15639,0.8227642276409386,0.7955974842754786,0.8089528372286638,0.9854125976561898,0.6791946308715716,1418,636,37,36,,,,,,,,,,False
sparse_pixel_ransac_vectorisation_on_shared_skeleton,Sparse-pixel RANSAC,23,16,13,3,0.6694306987032688,0.5631799097588571,0.9416058394160584,0.5857142857142856,0.8125,10,14,0.7863945578220594,0.9088050314451119,0.8431801599681897,0.7288776796964327,0.9868774414061897,578,157,58,15591,0.7863945578220594,0.9088050314451119,0.8431801599681897,0.9868774414061897,0.7288776796964327,1418,636,0,0,,,,3.0,,,,,,False
mesh_pattern_local_vectorisation_on_shared_skeleton,Mesh-pattern local,23,16,18,2,0.4799909386179456,0.6681394960961525,0.45219638242894056,0.0,0.8888888888888888,10,2,0.8734567901207609,0.44496855345841985,0.5895833328849175,0.4180206794676248,0.9759521484374404,283,41,353,15707,0.8734567901207609,0.44496855345841985,0.5895833328849175,0.9759521484374404,0.4180206794676248,1418,636,0,0,,,40.0,,,,,,,False
baseline_on_shared_skeleton,Baseline,24,12,20,8,0.6053451410353696,0.6641064956184181,0.9408194233687405,0.2333333333333333,0.6,9,12,0.6256239600655148,0.592125984251036,0.6084142389815945,0.437209302325073,0.9704589843749407,376,225,259,15524,0.6256239600655148,0.592125984251036,0.6084142389815945,0.9704589843749407,0.437209302325073,1483,635,33,33,,,,,,,,,,False
hough_transform_on_shared_skeleton,Hough Transform,24,12,12,0,0.814007957728992,0.8311548024482028,0.9114799446749654,0.6307692307692307,1.0,9,13,0.8421807747477157,0.9244094488174419,0.8813813808811413,0.7879194630861908,0.9903564453124395,587,110,48,15639,0.8421807747477157,0.9244094488174419,0.8813813808811413,0.9903564453124395,0.7879194630861908,1483,635,0,0,6483.0,,,,,,,,,False
contour_based_fitting_on_shared_skeleton,Contour-based fitting,24,12,10,2,0.38387954742585984,0.3805764798077051,0.6464339908952959,0.0,0.8333333333333334,9,1,0.20199501246832421,0.12755905511790935,0.15637065589586283,0.08481675392661275,0.9466552734374422,81,320,554,15429,0.20199501246832421,0.12755905511790935,0.15637065589586283,0.9466552734374422,0.08481675392661275,1483,635,0,0,,3.0,,,,,,,,False
thinning_skeletonisation_graph_tracing_on_shared_skeleton,Thinning / skeletonisation,24,12,22,10,0.5964460022281632,0.6720724529519643,0.9317147192716236,0.21250000000000002,0.5454545454545454,9,16,0.6734006733995398,0.6299212598415277,0.6509357195971375,0.48250904704405007,0.9738159179686905,400,194,235,15555,0.6734006733995398,0.6299212598415277,0.6509357195971375,0.9738159179686905,0.48250904704405007,1483,635,34,35,,,,,489.0,19.0,4.0,81.0,42.0,False
run_graph_vectorisation_on_shared_skeleton,Run-graph vectorisation,24,12,23,11,0.6420233607743696,0.7232702278019132,0.9468892261001518,0.3,0.5217391304347826,9,16,0.7479270315078808,0.7102362204713225,0.7285945067689471,0.5730622617527661,0.9794921874999402,451,152,184,15597,0.7479270315078808,0.7102362204713225,0.7285945067689471,0.9794921874999402,0.5730622617527661,1483,635,36,37,,,,,,,,,,False
sparse_pixel_ransac_vectorisation_on_shared_skeleton,Sparse-pixel RANSAC,24,12,12,0,0.800996177735742,0.8311548024482028,0.9027397260273973,0.5857142857142856,1.0,9,14,0.837837837836646,0.9275590551166495,0.8804185346270307,0.7863818424555589,0.9902343749999395,589,114,46,15635,0.837837837836646,0.9275590551166495,0.8804185346270307,0.9902343749999395,0.7863818424555589,1483,635,0,0,,,,0.0,,,,,,False
mesh_pattern_local_vectorisation_on_shared_skeleton,Mesh-pattern local,24,12,16,4,0.4715993881078686,0.6958657790021426,0.417298937784522,0.0,0.75,9,0,0.9999999999962825,0.4236220472434274,0.595132742943474,0.4236220472434274,0.9776611328124403,269,0,366,15749,0.9999999999962825,0.4236220472434274,0.595132742943474,0.9776611328124403,0.4236220472434274,1483,635,0,0,,,31.0,,,,,,,False
